gauge_id,q_mean,runoff_ratio,stream_elas,slope_fdc,baseflow_index,baseflow_index_ceh,hfd_mean,Q5,Q95,high_q_freq,high_q_dur,low_q_freq,low_q_dur,zero_q_freq
10002,1.31,0.56,1.19,1.94,0.66,0.63,130.50,0.32,3.50,2.15,1.32,6.41,7.52,0.00
10003,1.32,0.55,1.37,1.95,0.72,0.73,136.53,0.32,3.36,0.99,1.39,8.64,9.71,0.00
1001,1.62,0.61,1.15,4.09,0.49,0.39,108.78,0.08,5.48,7.36,1.52,103.48,11.74,0.00
101002,0.90,0.38,1.26,1.49,0.68,0.66,135.31,0.25,2.47,3.48,1.22,3.46,5.00,0.00
101005,0.79,0.35,1.35,1.51,0.63,0.59,136.22,0.26,2.27,5.89,1.38,0.35,2.80,0.00
102001,1.73,0.57,1.59,4.12,0.50,0.44,103.88,0.08,6.10,12.90,1.53,114.28,17.09,0.00
106001,3.21,0.78,1.33,3.06,0.56,0.47,125.67,0.20,9.22,0.27,1.40,68.87,12.41,0.00
107001,2.19,0.72,1.11,3.64,0.51,0.39,117.21,0.18,7.39,4.32,1.27,89.32,12.38,0.00
11001,1.43,0.55,1.37,1.90,0.69,0.68,143.92,0.38,3.60,1.12,1.81,1.33,4.60,0.00
11003,1.71,0.58,1.27,1.66,0.69,0.67,152.20,0.53,4.22,1.15,1.36,0.00,0.00,0.00
11004,1.44,0.57,1.37,1.72,0.73,0.74,144.54,0.39,3.47,1.39,1.79,0.48,3.60,0.00
12001,2.37,0.70,1.23,1.91,0.60,0.53,142.77,0.50,6.55,1.73,1.36,15.52,7.91,0.00
12002,2.22,0.67,1.32,1.98,0.59,0.52,139.16,0.42,6.16,2.12,1.54,21.86,8.46,0.00
12005,3.01,0.78,1.03,2.04,0.56,0.48,141.87,0.52,8.78,3.41,1.50,25.37,9.89,0.00
12006,2.27,0.67,1.29,1.86,0.60,0.53,146.64,0.50,6.13,2.12,1.45,11.50,7.89,0.00
12007,3.61,0.84,0.93,2.13,0.53,0.43,150.39,0.67,10.87,2.70,1.17,22.17,6.48,0.00
12008,2.22,0.66,1.54,2.23,0.52,0.45,136.97,0.34,7.10,8.38,1.50,40.41,10.30,0.00
12009,2.67,0.71,1.13,2.28,0.45,0.37,136.44,0.40,9.69,13.58,1.40,43.97,8.15,0.00
13001,1.53,0.60,1.50,2.19,0.59,0.54,131.75,0.27,4.62,5.73,1.68,28.20,11.15,0.00
13004,2.67,0.70,1.15,2.02,0.59,0.54,135.39,0.56,7.84,3.36,1.37,14.20,6.78,0.00
13005,1.14,0.54,1.44,2.67,0.56,0.52,123.64,0.14,3.91,9.58,2.13,56.38,15.56,0.00
13007,2.25,0.68,1.21,2.30,0.56,0.50,133.85,0.39,6.86,5.13,1.53,30.18,8.35,0.00
13008,2.27,0.66,1.32,2.11,0.59,0.53,135.28,0.42,6.69,2.57,1.48,24.83,8.66,0.00
14001,1.15,0.49,1.15,2.07,0.65,0.63,134.90,0.27,3.32,2.77,1.62,5.44,7.26,0.00
14002,1.11,0.47,1.29,2.50,0.62,0.59,129.35,0.17,3.48,4.02,1.95,40.92,9.57,0.00
14005,0.85,0.42,1.63,2.44,0.60,0.58,133.10,0.15,2.64,5.55,2.50,25.96,7.24,0.00
15006,3.35,0.78,1.15,2.18,0.67,0.65,130.48,0.82,8.50,0.21,1.22,5.37,12.13,0.00
15007,4.59,0.80,1.16,2.12,0.65,0.63,128.29,0.92,12.02,0.35,1.64,17.94,6.86,0.00
15010,1.90,0.58,1.39,2.17,0.59,0.52,133.82,0.38,5.87,3.24,1.40,18.33,7.02,0.00
15011,2.85,0.49,1.10,2.01,0.53,0.43,133.46,0.68,9.06,5.65,1.29,5.12,4.93,0.00
15012,3.86,0.84,1.03,2.38,0.66,0.62,131.52,1.03,9.66,0.32,1.45,1.19,11.80,0.00
15013,2.65,0.62,1.51,2.59,0.52,0.43,126.04,0.37,8.88,7.12,1.36,49.17,9.12,0.00
15014,2.69,0.66,1.12,2.45,0.49,0.39,133.34,0.38,9.42,6.73,1.20,43.53,6.49,0.00
15016,6.76,1.06,1.01,2.13,0.66,0.66,127.61,1.10,17.68,0.04,2.00,27.24,14.13,0.00
15021,1.47,0.55,1.19,2.48,0.63,0.64,128.03,0.15,4.22,1.45,2.45,47.80,17.76,0.00
15023,2.87,0.70,1.35,2.81,0.50,0.43,125.05,0.26,9.71,6.44,1.51,67.95,12.06,0.00
15024,5.89,0.77,1.03,3.48,0.41,0.26,127.88,0.50,20.82,10.04,1.39,81.62,6.99,0.00
15025,2.56,0.70,1.09,2.31,0.55,0.47,132.66,0.41,7.89,3.44,1.18,35.61,7.07,0.00
15030,1.30,0.53,1.50,2.23,0.61,0.58,137.94,0.25,4.09,4.06,2.21,26.13,9.98,0.00
15039,3.72,0.79,1.04,2.16,0.51,0.40,135.23,0.74,12.40,6.34,1.25,18.90,5.38,0.00
16001,3.48,0.77,1.19,2.78,0.59,0.53,125.17,0.46,9.91,0.94,1.23,50.87,7.13,0.00
16003,4.52,0.80,1.16,3.22,0.41,0.28,125.48,0.35,17.05,14.62,1.32,84.91,7.65,0.00
16004,3.25,0.77,1.33,2.81,0.58,0.52,123.88,0.43,9.69,1.78,1.35,48.38,7.44,0.00
17001,2.55,0.57,1.38,2.89,0.46,0.35,120.02,0.43,9.49,16.10,1.80,43.04,5.13,0.00
17003,2.19,0.64,1.27,2.05,0.56,0.48,128.87,0.49,6.78,4.50,1.26,10.40,4.26,0.00
17004,1.19,0.46,1.33,2.18,0.60,0.55,129.98,0.21,3.66,3.95,1.70,24.15,8.08,0.00
17005,1.88,0.66,1.32,2.70,0.50,0.40,121.90,0.30,6.85,11.12,1.56,42.79,7.67,0.00
17015,2.54,0.71,1.12,2.74,0.51,0.43,121.97,0.29,8.72,6.71,1.45,62.02,11.14,0.00
17018,1.48,0.49,1.68,2.06,0.64,0.60,141.66,0.27,4.15,2.85,1.29,22.03,9.10,0.00
18001,2.96,0.73,1.36,2.66,0.52,0.43,124.90,0.43,9.81,5.73,1.24,41.65,8.14,0.00
18002,2.40,0.59,1.30,2.22,0.56,0.50,127.13,0.50,7.34,5.91,1.62,13.70,5.65,0.00
18003,4.22,0.69,1.35,2.72,0.52,0.44,125.19,0.69,14.03,3.40,1.99,39.38,10.95,0.00
18008,5.78,0.84,1.12,3.17,0.48,0.38,126.33,0.45,19.16,2.55,1.67,68.85,10.95,0.00
18010,3.28,0.69,1.17,3.33,0.47,0.36,120.60,0.29,11.67,6.88,1.67,74.50,9.53,0.00
18011,3.87,0.71,1.27,3.11,0.50,0.41,127.55,0.48,12.70,3.56,1.79,57.29,9.99,0.00
18014,3.09,0.78,1.16,2.17,0.57,0.52,124.70,0.72,9.73,6.83,1.39,6.17,4.22,0.00
18017,6.43,0.83,1.56,3.93,0.32,0.19,124.00,0.22,28.60,31.57,1.59,129.77,8.80,0.01
18018,5.27,0.80,1.12,2.91,0.47,0.39,126.93,0.60,17.54,7.86,1.18,56.07,8.35,0.00
19001,1.49,0.55,1.25,2.67,0.49,0.39,124.88,0.23,5.35,11.48,1.53,43.17,6.24,0.00
19006,1.35,0.53,1.30,2.36,0.58,0.52,133.56,0.32,4.24,5.67,1.38,6.77,4.76,0.00
19010,1.09,0.47,1.73,2.19,0.65,0.63,153.85,0.20,2.88,2.48,1.74,22.96,5.37,0.00
19017,1.04,0.44,1.57,2.47,0.47,0.39,129.81,0.11,3.70,12.63,1.79,61.64,7.62,0.00
19020,2.06,0.66,1.38,3.06,0.40,0.29,119.59,0.22,8.25,21.34,1.69,87.41,6.97,0.00
20002,0.50,0.29,2.06,2.82,0.52,0.47,135.88,0.03,1.77,13.77,2.63,79.63,9.81,0.01
20003,0.79,0.37,1.63,2.34,0.55,0.49,138.23,0.15,2.67,8.62,1.64,23.48,7.56,0.00
20007,1.01,0.44,1.53,2.31,0.61,0.58,146.54,0.21,3.00,5.77,1.65,15.79,6.65,0.00
2001,2.05,0.66,1.09,2.73,0.56,0.47,124.67,0.47,6.55,3.87,1.26,7.62,5.78,0.00
2002,2.42,0.66,1.26,3.48,0.45,0.31,126.93,0.20,8.43,8.74,1.45,85.46,10.22,0.00
21003,2.00,0.59,1.23,2.41,0.60,0.55,125.98,0.41,6.00,3.31,1.40,17.71,5.62,0.00
21006,2.16,0.62,1.04,2.45,0.58,0.51,126.46,0.40,6.58,3.46,1.48,26.29,6.00,0.00
21008,1.61,0.57,1.22,2.75,0.53,0.45,126.06,0.21,5.37,6.79,1.38,59.10,9.48,0.00
21009,1.60,0.56,1.13,2.58,0.58,0.52,129.37,0.27,4.90,2.87,1.45,30.67,7.67,0.00
21011,2.44,0.62,0.88,2.55,0.55,0.48,126.83,0.45,7.65,4.27,1.60,24.77,6.38,0.00
21012,2.45,0.69,1.18,2.87,0.51,0.42,121.17,0.26,8.14,7.42,1.40,66.25,9.87,0.00
21013,1.57,0.56,1.21,2.81,0.56,0.50,129.06,0.20,5.08,4.94,1.58,56.75,11.95,0.00
21015,1.21,0.47,1.34,2.87,0.55,0.50,132.71,0.17,3.97,7.13,1.57,60.73,11.16,0.00
21016,0.94,0.43,1.55,2.90,0.50,0.45,132.37,0.10,3.29,13.73,2.22,68.56,13.71,0.00
21017,4.40,0.82,0.97,2.85,0.44,0.33,126.54,0.45,15.85,11.19,1.29,61.77,8.87,0.00
21018,1.57,0.54,1.04,2.33,0.61,0.56,128.92,0.35,4.70,3.14,1.35,9.31,3.78,0.00
21022,1.16,0.48,1.55,2.62,0.56,0.51,140.63,0.20,3.67,7.38,1.66,36.37,5.80,0.00
21023,0.80,0.42,1.98,4.26,0.39,0.30,126.21,0.02,3.22,27.28,2.84,144.33,18.78,0.00
21024,1.48,0.55,1.46,2.48,0.50,0.41,133.35,0.26,5.22,11.71,1.42,35.32,8.33,0.00
21026,4.00,0.85,1.11,3.29,0.38,0.25,125.43,0.23,15.58,18.27,1.40,98.62,8.22,0.00
21027,1.02,0.44,1.88,2.67,0.54,0.49,134.78,0.15,3.25,8.57,1.58,47.47,10.60,0.00
22001,1.28,0.51,1.43,2.96,0.51,0.44,134.06,0.20,4.42,10.20,1.65,52.71,9.43,0.00
22006,0.66,0.34,1.71,4.14,0.43,0.36,134.54,0.04,2.55,23.48,2.57,131.80,16.96,0.00
22007,1.00,0.44,1.85,3.87,0.44,0.37,132.90,0.07,3.57,18.02,1.93,119.05,16.24,0.00
22009,1.46,0.53,1.54,2.87,0.54,0.48,139.06,0.22,4.45,7.03,1.47,46.40,10.76,0.00
23001,1.78,0.60,1.17,2.68,0.50,0.39,126.33,0.25,6.01,7.00,1.34,57.53,5.76,0.00
23004,2.22,0.69,1.22,3.11,0.45,0.33,124.87,0.24,7.96,11.65,1.36,76.29,9.36,0.00
23006,2.86,0.76,1.13,2.91,0.44,0.32,126.73,0.33,10.38,12.06,1.29,67.93,8.22,0.00
23007,0.85,0.35,1.57,1.58,0.63,0.60,154.96,0.29,2.42,6.39,1.89,0.10,2.50,0.00
23008,1.50,0.52,1.26,3.36,0.43,0.32,126.19,0.16,5.68,18.35,1.65,97.57,10.52,0.00
23011,2.80,0.74,0.93,2.72,0.43,0.32,130.96,0.40,10.44,13.84,1.27,58.17,8.14,0.00
23016,0.52,0.28,1.79,3.00,0.39,0.29,147.39,0.05,1.90,18.39,2.12,102.49,5.67,0.00
24001,1.48,0.56,1.64,2.71,0.51,0.42,133.75,0.26,5.27,11.37,1.60,37.00,5.77,0.00
24003,1.98,0.56,1.64,2.84,0.43,0.34,124.46,0.25,7.95,18.69,1.61,79.92,10.41,0.00
24004,1.41,0.54,1.42,3.10,0.52,0.47,136.56,0.17,4.71,8.86,1.52,72.26,11.31,0.00
24005,0.73,0.35,1.49,2.60,0.53,0.48,146.12,0.10,2.45,10.42,1.64,50.61,6.51,0.00
25001,1.90,0.61,1.66,3.05,0.48,0.37,129.60,0.29,6.69,10.14,1.44,48.17,5.07,0.00
25003,4.30,0.85,0.88,4.58,0.29,0.13,138.88,0.14,17.66,32.69,1.44,137.91,5.76,0.00
25006,2.31,0.74,1.20,4.09,0.35,0.22,122.00,0.11,9.81,28.47,1.75,131.59,10.30,0.00
25012,3.49,0.82,0.96,3.64,0.37,0.24,124.50,0.23,13.92,20.92,1.40,106.54,8.41,0.00
25020,0.50,0.26,1.96,2.46,0.49,0.41,140.34,0.06,1.77,15.64,2.18,50.61,9.30,0.00
25021,0.49,0.25,2.10,2.10,0.50,0.43,146.72,0.07,1.86,15.67,2.06,34.17,9.11,0.00
25029,0.95,0.44,2.02,3.06,0.50,0.44,129.56,0.12,3.56,17.54,2.01,67.10,8.03,0.00
26003,0.96,0.47,1.94,2.04,0.84,0.96,177.60,0.20,2.36,0.00,0.00,16.75,14.35,0.00
26005,0.09,0.04,2.86,NaN,0.69,0.91,172.14,0.00,0.36,52.62,53.00,175.09,73.03,0.35
26006,5.92,3.01,1.30,4.71,0.71,0.97,169.84,0.03,19.50,3.37,17.88,113.06,100.04,0.04
26008,0.53,0.26,1.43,2.00,0.81,0.87,166.05,0.10,1.33,0.16,1.00,18.97,14.22,0.00
26009,0.97,0.45,1.24,2.72,0.80,0.98,168.21,0.18,2.58,0.00,0.00,25.05,15.05,0.00
27001,1.39,0.51,1.61,2.58,0.54,0.48,131.85,0.27,4.49,7.24,1.62,21.55,6.00,0.00
27002,1.95,0.60,1.38,2.90,0.49,0.38,124.95,0.28,6.72,8.83,1.42,60.27,9.51,0.00
27003,1.68,0.61,1.22,2.01,0.61,0.55,134.85,0.45,4.95,3.02,1.62,4.22,5.47,0.00
27006,1.18,0.41,1.68,2.07,0.56,0.49,139.98,0.28,3.76,8.21,1.74,9.33,4.71,0.00
27007,2.14,0.65,1.49,2.98,0.48,0.39,126.61,0.28,7.36,9.58,1.52,61.98,10.01,0.00
27009,1.38,0.53,1.67,2.87,0.54,0.45,130.63,0.20,4.75,4.82,2.07,50.84,8.36,0.00
27021,1.13,0.50,1.41,1.84,0.61,0.56,144.98,0.34,3.41,4.57,1.70,0.10,1.67,0.00
27023,0.98,0.45,1.53,2.22,0.55,0.49,141.81,0.21,3.15,9.33,1.67,11.73,4.92,0.00
27025,1.04,0.49,1.33,1.75,0.60,0.55,141.42,0.27,3.19,5.59,1.50,5.28,5.80,0.00
27026,1.01,0.45,1.49,2.78,0.51,0.45,134.02,0.15,3.44,10.92,1.60,51.48,6.76,0.00
27029,2.13,0.61,1.41,2.30,0.57,0.50,130.35,0.51,6.85,5.23,1.46,4.48,4.37,0.00
27030,0.95,0.48,1.42,1.81,0.61,0.56,149.06,0.27,2.81,5.22,1.70,1.07,2.39,0.00
27032,0.70,0.16,1.09,2.88,0.51,0.43,127.69,0.11,2.34,7.85,1.30,34.28,10.17,0.00
27034,2.80,0.71,1.38,3.42,0.43,0.31,122.00,0.21,10.30,13.54,1.55,90.80,9.86,0.00
27035,2.05,0.63,1.49,3.40,0.47,0.37,117.69,0.20,7.86,15.06,1.95,88.60,11.26,0.00
27038,6.03,2.74,0.86,0.72,0.90,0.95,180.85,3.75,9.10,0.10,2.50,0.00,0.00,0.00
27041,0.92,0.41,1.26,2.10,0.70,0.71,146.56,0.24,2.53,0.43,4.20,4.85,8.50,0.00
27042,1.55,0.56,1.11,2.41,0.63,0.59,139.55,0.32,4.40,2.56,1.37,17.77,7.90,0.00
27043,2.87,0.71,1.13,2.99,0.45,0.33,123.55,0.36,10.49,12.37,1.44,67.66,9.25,0.00
27047,4.34,0.86,0.96,4.24,0.32,0.18,121.75,0.17,18.32,32.35,1.51,131.84,7.89,0.00
27049,1.29,0.52,1.25,2.31,0.68,0.69,146.10,0.29,3.39,1.33,1.39,10.18,11.14,0.00
27051,1.16,0.50,1.64,4.56,0.42,0.31,124.90,0.05,4.65,23.53,1.83,136.86,13.11,0.00
27062,1.41,0.52,1.57,2.63,0.55,0.49,134.30,0.27,4.85,8.71,1.87,25.14,7.09,0.00
27064,0.58,0.33,1.73,1.73,0.61,0.57,151.53,0.16,1.67,7.41,1.95,0.51,2.44,0.00
27065,1.88,0.53,1.40,2.33,0.56,0.50,128.33,0.42,6.03,6.60,1.59,8.87,4.04,0.00
27071,1.30,0.54,1.55,2.52,0.55,0.47,132.85,0.22,4.46,5.29,1.86,31.55,8.89,0.00
27073,2.88,1.30,1.17,2.34,0.79,0.90,158.14,0.55,7.21,0.00,0.00,19.22,36.32,0.00
27077,0.89,0.34,0.82,1.98,0.57,0.51,143.10,0.24,2.67,5.35,1.34,0.41,3.20,0.00
27079,1.83,0.64,1.36,1.99,0.61,0.55,139.49,0.53,5.37,3.98,1.43,0.00,0.00,0.00
27080,1.87,0.67,1.06,2.05,0.60,0.54,139.39,0.53,5.67,2.86,1.49,0.00,0.00,0.00
27084,1.85,0.60,1.49,3.41,0.45,0.35,123.57,0.16,6.97,15.81,1.55,100.06,10.49,0.00
27087,0.73,0.34,1.29,1.99,0.78,0.82,156.35,0.18,1.73,0.00,0.00,6.12,8.74,0.00
27089,1.87,0.57,1.49,2.69,0.51,0.40,132.47,0.30,6.43,8.53,1.51,36.35,6.44,0.00
27090,2.23,0.66,1.69,2.91,0.47,0.37,127.93,0.23,8.09,9.94,1.47,72.01,8.86,0.00
28001,1.40,0.35,2.25,0.87,0.53,0.48,137.75,0.33,5.62,19.64,2.83,6.19,11.93,0.00
28003,1.07,0.52,0.79,1.29,0.66,0.60,168.55,0.43,2.75,1.89,1.15,0.00,0.00,0.00
28008,1.66,0.57,1.32,2.23,0.66,0.63,135.27,0.40,4.59,1.08,1.17,6.33,7.83,0.00
28009,0.98,0.45,1.54,1.91,0.66,0.63,141.46,0.32,2.80,0.63,2.54,0.29,5.00,0.00
28012,0.90,0.43,1.51,1.39,0.71,0.68,148.71,0.32,2.38,0.37,1.73,0.50,13.00,0.00
28015,0.39,0.21,1.02,1.31,0.78,0.78,153.75,0.14,0.89,0.05,1.00,1.49,7.38,0.00
28018,1.34,0.50,1.34,2.05,0.64,0.61,135.21,0.34,3.87,1.67,1.45,3.77,8.17,0.00
28022,0.94,0.45,1.51,1.85,0.67,0.64,142.58,0.29,2.67,0.23,2.00,1.15,10.00,0.00
28023,1.88,0.57,1.29,2.02,0.74,0.76,138.97,0.58,4.56,0.11,1.00,0.40,7.00,0.00
28024,0.58,0.32,1.83,3.18,0.47,0.40,130.77,0.06,2.47,24.45,2.98,94.04,10.14,0.00
28026,0.72,0.39,1.72,2.05,0.58,0.52,139.10,0.18,2.29,7.21,1.88,5.65,5.76,0.00
28031,2.11,0.69,1.16,2.36,0.58,0.52,129.02,0.36,6.65,3.87,1.20,30.62,10.41,0.00
28033,2.98,0.82,1.13,2.50,0.55,0.47,125.00,0.48,9.22,3.26,1.50,34.41,8.48,0.00
28039,0.86,0.39,1.15,1.85,0.52,0.44,152.46,0.21,2.67,7.28,1.21,6.22,3.59,0.00
28040,0.92,0.38,1.48,2.42,0.53,0.44,131.88,0.17,3.05,7.73,1.42,26.08,4.76,0.00
28043,1.61,0.48,1.82,2.25,0.59,0.55,132.04,0.37,5.17,5.85,1.75,5.85,5.15,0.00
28044,0.80,0.42,1.23,0.90,0.89,0.92,174.60,0.42,1.56,0.00,0.00,0.00,0.00,0.00
28046,1.98,0.63,1.33,1.98,0.75,0.77,141.90,0.52,4.70,0.15,1.00,5.29,17.19,0.00
28048,0.96,0.42,1.56,1.98,0.56,0.49,137.33,0.24,3.04,8.41,1.50,3.27,3.13,0.00
28050,0.60,0.35,1.30,1.39,0.72,0.70,162.00,0.22,1.49,1.47,2.21,0.16,1.60,0.00
28052,0.73,0.34,1.45,1.81,0.67,0.65,146.29,0.20,2.07,2.60,1.66,3.28,9.88,0.00
28055,1.08,0.44,1.62,2.86,0.55,0.49,131.98,0.17,3.63,8.45,1.43,47.96,7.40,0.00
28056,0.69,0.36,1.43,2.62,0.53,0.45,141.96,0.10,2.32,10.00,1.84,36.89,5.41,0.00
28060,0.24,0.13,1.48,1.59,0.73,0.73,158.04,0.07,0.59,2.51,1.33,2.95,4.03,0.00
28066,0.69,0.34,1.45,2.21,0.52,0.43,149.65,0.15,2.24,7.69,1.27,11.14,4.43,0.00
28067,1.38,0.49,1.61,2.12,0.65,0.63,139.40,0.36,3.91,2.51,1.68,1.68,2.37,0.00
28072,0.45,0.24,1.59,1.50,0.71,0.71,153.94,0.15,1.15,2.91,1.26,0.65,3.44,0.00
28074,0.79,0.42,1.23,1.93,0.61,0.55,144.63,0.23,2.58,4.64,2.31,0.73,4.50,0.00
28080,1.50,0.74,0.95,1.03,0.73,0.69,160.58,0.80,3.34,0.35,1.20,0.00,0.00,0.00
28081,1.05,0.51,1.02,1.37,0.69,0.64,187.47,0.38,2.56,1.33,1.20,2.05,3.25,0.00
28082,0.64,0.36,1.49,2.53,0.55,0.48,138.38,0.12,2.25,10.92,1.89,24.88,5.61,0.00
28085,1.41,0.49,1.39,2.17,0.66,0.63,136.12,0.36,4.08,2.08,1.54,0.75,2.44,0.00
28091,0.60,0.34,1.46,1.28,0.74,0.73,158.36,0.23,1.45,0.79,1.67,2.94,4.15,0.00
28093,0.75,0.40,1.37,2.00,0.59,0.53,143.54,0.20,2.54,7.30,2.40,1.31,2.04,0.00
28115,1.96,0.93,0.31,0.75,0.81,0.79,172.29,1.24,3.65,0.03,1.00,0.00,0.00,0.00
28116,0.50,0.26,0.59,0.97,0.78,0.76,164.88,0.27,1.01,0.16,1.33,0.00,0.00,0.00
28117,1.70,0.52,1.09,1.93,0.68,0.68,138.38,0.50,4.53,1.17,1.67,0.04,1.00,0.00
29002,0.68,0.35,1.57,1.58,0.84,0.88,167.27,0.26,1.44,0.12,1.00,0.00,0.00,0.00
29003,0.69,0.36,1.63,1.95,0.82,0.90,168.48,0.20,1.69,0.13,1.00,2.60,3.86,0.00
29005,0.76,0.42,1.64,2.91,0.55,0.51,138.54,0.09,2.42,12.83,2.33,68.88,10.26,0.00
29009,0.40,0.24,1.79,4.88,0.55,0.54,133.20,0.01,1.58,25.27,4.46,133.81,21.63,0.02
30001,0.57,0.32,2.04,2.33,0.69,0.69,154.94,0.13,1.67,2.67,1.58,12.65,5.44,0.00
30004,0.72,0.37,1.13,1.73,0.68,0.64,141.37,0.22,1.94,2.74,1.22,3.54,5.41,0.00
30005,0.55,0.30,2.19,2.50,0.73,0.79,157.44,0.11,1.63,1.41,1.38,20.64,6.65,0.00
30011,0.47,0.23,1.28,2.30,0.72,0.74,153.63,0.10,1.28,1.80,1.96,15.60,11.23,0.00
30012,0.61,0.31,1.98,3.98,0.51,0.46,130.65,0.02,2.15,15.42,2.17,116.04,17.29,0.00
30014,0.55,0.33,2.65,4.20,0.52,0.49,155.37,0.01,1.97,15.17,2.24,126.50,21.05,0.05
30015,0.58,0.30,1.72,2.39,0.78,0.90,164.32,0.13,1.53,0.04,1.00,10.08,9.55,0.00
3003,4.22,0.81,1.08,3.66,0.40,0.23,128.73,0.27,15.14,11.42,1.27,95.20,6.35,0.00
31002,0.28,0.16,3.22,4.49,0.57,0.57,150.38,0.01,1.10,25.08,4.05,138.64,32.73,0.02
31006,0.38,0.21,1.41,1.60,0.82,0.88,168.81,0.16,0.91,0.15,1.33,0.00,0.00,0.00
31010,0.64,0.35,1.78,2.59,0.58,0.54,139.42,0.09,2.15,10.10,1.82,40.46,9.92,0.00
31021,0.52,0.29,2.48,3.59,0.46,0.39,131.83,0.05,2.24,28.37,2.95,122.05,10.96,0.00
31023,0.40,0.22,2.79,NaN,0.23,0.12,135.16,0.00,1.95,73.62,4.93,220.77,20.41,0.39
31025,0.66,0.33,2.22,4.80,0.37,0.27,134.04,0.03,2.86,42.13,3.07,169.50,17.50,0.00
32003,0.54,0.30,2.93,2.54,0.51,0.45,141.50,0.09,1.93,16.18,2.22,34.46,5.20,0.00
32004,0.61,0.34,2.21,2.69,0.56,0.51,140.57,0.08,2.13,12.40,2.37,53.40,6.97,0.00
32006,0.60,0.33,1.97,2.34,0.63,0.59,140.87,0.13,1.93,7.83,1.74,7.17,5.38,0.00
32008,0.57,0.31,1.73,2.36,0.60,0.56,140.21,0.12,1.90,9.69,1.82,11.77,4.85,0.00
33006,0.66,0.35,1.66,1.94,0.78,0.81,156.77,0.15,1.59,0.00,0.00,11.10,11.54,0.00
33007,0.61,0.32,0.97,1.70,0.85,0.90,164.69,0.19,1.31,0.00,0.00,3.40,5.90,0.00
33012,0.38,0.23,2.29,4.38,0.34,0.25,132.65,0.01,1.83,48.35,5.16,190.42,23.03,0.01
33013,0.31,0.19,1.62,2.43,0.66,0.65,146.12,0.04,0.99,5.13,2.62,41.46,12.76,0.00
33014,0.40,0.24,0.88,1.50,0.78,0.77,158.37,0.14,0.95,0.46,1.50,0.93,2.67,0.00
33018,0.65,0.34,1.92,2.64,0.57,0.53,138.10,0.11,2.15,9.63,1.70,29.81,9.51,0.00
33019,0.53,0.30,1.36,2.32,0.75,0.78,148.52,0.12,1.38,0.29,2.50,12.19,8.68,0.00
33020,0.35,0.21,2.47,5.07,0.34,0.27,133.90,0.01,1.52,52.41,6.71,191.00,26.57,0.05
33021,0.32,0.21,1.45,2.53,0.72,0.74,153.60,0.07,0.97,5.71,3.06,12.90,10.32,0.00
33022,0.47,0.29,1.04,1.55,0.74,0.74,151.92,0.17,1.17,1.40,1.70,0.71,6.17,0.00
33023,0.16,0.09,1.80,4.01,0.67,0.68,158.02,0.01,0.55,13.58,2.88,122.71,43.11,0.01
33024,0.38,0.23,1.31,1.95,0.76,0.76,155.19,0.10,0.99,1.81,1.45,4.27,6.00,0.00
33026,0.47,0.27,2.03,3.10,0.56,0.51,138.69,0.07,1.81,13.95,4.30,63.35,5.74,0.00
33028,0.65,0.39,0.99,1.16,0.76,0.74,152.75,0.29,1.48,0.92,1.30,0.37,4.75,0.00
33029,0.44,0.25,2.34,2.84,0.77,0.84,153.88,0.05,1.20,0.50,1.53,39.75,25.51,0.00
33031,0.41,0.23,1.52,2.78,0.42,0.34,135.60,0.05,1.43,19.77,2.46,98.14,8.02,0.00
33032,0.31,0.17,1.57,1.85,0.86,0.96,179.69,0.08,0.74,0.00,0.00,9.62,24.95,0.00
33033,0.52,0.30,0.77,1.09,0.84,0.85,167.42,0.26,1.05,0.18,1.12,0.00,0.00,0.00
33034,0.44,0.26,1.32,2.04,0.77,0.80,152.23,0.12,1.14,0.13,2.33,3.92,12.00,0.00
33035,0.37,0.22,1.74,2.49,0.69,0.59,143.35,0.03,1.04,0.56,1.87,42.97,4.57,0.02
33039,0.60,0.34,1.54,2.47,0.60,0.56,140.26,0.11,2.18,8.05,3.59,27.68,8.02,0.00
33053,0.19,0.11,1.10,3.71,0.60,0.58,147.75,0.01,0.69,13.33,2.25,88.18,15.22,0.04
33054,0.92,0.49,1.43,1.48,0.89,0.95,176.26,0.35,1.78,0.00,0.00,1.19,3.67,0.00
33058,0.72,0.40,1.71,2.15,0.60,0.55,141.71,0.16,2.28,8.80,1.97,8.94,3.85,0.00
34002,0.41,0.24,1.42,2.10,0.64,0.60,136.77,0.10,1.28,5.56,1.97,10.88,9.00,0.00
34003,0.62,0.32,1.12,1.05,0.83,0.83,153.48,0.31,1.17,0.06,1.00,0.00,0.00,0.00
34004,0.63,0.33,0.88,1.76,0.76,0.76,146.42,0.20,1.50,0.16,2.67,5.21,4.77,0.00
34005,0.45,0.24,1.53,1.97,0.67,0.64,137.65,0.11,1.23,2.21,1.54,10.37,4.83,0.00
34006,0.40,0.24,1.68,2.83,0.52,0.46,134.48,0.06,1.55,20.37,3.32,48.04,9.46,0.00
34007,0.43,0.26,1.58,2.33,0.52,0.46,137.10,0.09,1.50,16.30,2.73,10.65,3.48,0.00
34008,0.57,0.32,0.48,0.90,0.85,0.85,158.27,0.29,0.97,0.02,1.00,0.26,2.60,0.00
34010,0.41,0.25,1.90,3.24,0.52,0.47,133.54,0.04,1.50,17.72,3.54,93.66,13.72,0.00
34011,0.45,0.23,1.25,1.81,0.80,0.82,155.27,0.13,1.05,0.10,1.25,3.61,10.33,0.00
34012,0.32,0.17,1.42,1.72,0.89,0.96,181.31,0.10,0.70,0.00,0.00,1.17,3.05,0.00
35003,0.45,0.26,1.89,2.78,0.42,0.35,130.60,0.06,1.71,25.44,2.77,78.73,14.21,0.00
35008,0.44,0.27,1.18,3.12,0.47,0.39,132.00,0.06,1.73,25.56,2.92,91.24,8.23,0.00
36003,0.34,0.21,1.01,1.70,0.65,0.62,143.15,0.09,0.98,5.93,1.80,3.44,4.97,0.00
36006,0.45,0.27,0.86,2.10,0.59,0.53,138.52,0.09,1.60,8.71,2.49,14.71,5.62,0.00
36009,0.43,0.26,1.06,5.55,0.40,0.33,132.71,0.01,1.90,44.60,4.72,171.18,25.49,0.04
36010,0.43,0.26,2.29,5.59,0.34,0.24,125.17,0.01,1.97,48.53,4.22,191.91,20.34,0.01
36011,0.61,0.37,1.58,1.89,0.50,0.40,136.77,0.13,2.19,14.82,1.80,16.40,1.95,0.00
36012,0.88,0.51,-0.27,2.93,0.52,0.51,149.29,0.08,3.17,14.18,2.65,76.29,7.33,0.00
37001,0.53,0.31,2.08,3.00,0.47,0.39,132.38,0.06,2.27,24.88,3.40,89.58,6.87,0.00
37003,0.40,0.25,2.49,2.21,0.51,0.45,138.17,0.06,1.48,17.43,3.07,50.80,5.45,0.00
37005,0.39,0.24,1.53,2.20,0.57,0.52,136.75,0.07,1.36,11.55,2.49,19.88,7.12,0.00
37008,0.48,0.29,1.70,1.80,0.61,0.57,138.06,0.13,1.54,8.69,2.03,2.44,8.47,0.00
37009,0.58,0.36,1.20,1.29,0.70,0.66,147.33,0.23,1.43,2.81,1.80,0.00,0.00,0.00
37010,0.47,0.29,0.94,1.96,0.61,0.57,141.79,0.13,1.39,5.68,2.19,3.77,4.78,0.00
37011,0.43,0.25,1.72,2.67,0.49,0.43,130.21,0.06,1.65,20.01,2.41,67.27,8.63,0.00
37018,0.63,0.38,1.50,1.87,0.56,0.49,143.67,0.18,2.03,7.84,1.42,0.64,1.74,0.00
37019,0.55,0.33,1.43,2.33,0.47,0.38,144.12,0.11,1.96,13.54,1.48,18.96,3.38,0.00
37020,0.47,0.28,1.75,2.01,0.54,0.49,133.56,0.10,1.71,15.37,2.30,14.74,6.90,0.00
37031,0.42,0.26,1.79,2.90,0.37,0.27,146.79,0.05,1.65,23.02,1.81,95.35,5.30,0.00
37033,0.43,0.28,1.27,2.63,0.41,0.31,152.28,0.05,1.60,17.79,1.30,62.16,4.33,0.00
38001,0.37,0.21,2.01,2.10,0.65,0.62,151.79,0.06,1.09,4.54,1.66,29.13,6.16,0.00
38003,0.34,0.19,0.94,1.27,0.90,0.93,178.10,0.14,0.66,0.00,0.00,0.00,0.00,0.00
38004,0.32,0.18,2.14,1.98,0.62,0.59,144.74,0.06,1.01,9.68,1.89,26.43,13.82,0.00
38007,0.72,0.42,1.39,2.22,0.47,0.38,146.79,0.14,2.55,14.14,1.39,19.29,4.10,0.00
38012,0.22,0.13,1.60,3.12,0.33,0.22,154.94,0.02,0.95,27.14,1.41,101.53,4.80,0.00
38014,0.60,0.33,1.68,2.85,0.41,0.30,133.83,0.07,2.43,21.41,1.71,89.45,5.47,0.00
38017,0.19,0.10,1.22,1.59,0.91,0.96,189.90,0.03,0.41,0.00,0.00,22.56,13.64,0.01
38018,0.69,0.38,1.42,1.38,0.82,0.82,166.52,0.27,1.45,0.00,0.00,0.02,1.00,0.00
38021,0.41,0.23,2.08,3.80,0.33,0.22,132.12,0.02,1.92,41.05,3.03,165.97,8.58,0.00
38026,0.46,0.27,2.06,3.42,0.49,0.42,136.57,0.04,1.84,20.33,2.90,103.12,10.52,0.00
38029,0.24,0.14,1.57,1.70,0.49,0.44,141.49,0.03,0.92,18.57,2.29,53.36,23.94,0.00
38030,0.28,0.16,0.85,1.34,0.77,0.76,165.70,0.09,0.66,1.27,1.22,0.00,0.00,0.00
39001,0.54,0.27,2.19,3.56,0.63,0.59,138.40,0.05,1.88,3.60,4.45,83.15,8.24,0.00
39002,0.71,0.36,1.58,3.24,0.64,0.63,134.35,0.08,2.51,3.96,4.84,71.45,10.92,0.00
39004,0.15,0.07,1.65,1.42,0.79,0.80,175.14,0.02,0.35,0.25,1.25,24.05,5.58,0.02
39005,1.19,0.68,0.77,0.90,0.72,0.66,165.35,0.58,2.76,1.08,1.13,0.43,2.62,0.00
39006,0.79,0.36,1.47,2.52,0.77,0.87,147.38,0.17,1.95,0.10,5.00,11.27,9.30,0.00
39007,0.81,0.40,1.45,1.60,0.71,0.69,146.54,0.30,2.12,0.69,1.20,0.08,1.00,0.00
39008,0.75,0.36,1.73,3.41,0.66,0.67,135.64,0.06,2.48,1.45,5.67,82.99,12.25,0.00
39010,0.50,0.25,1.40,1.23,0.86,0.88,172.87,0.22,0.99,0.00,0.00,0.06,3.00,0.00
39011,0.69,0.28,1.38,1.37,0.74,0.73,147.85,0.29,1.67,1.56,1.31,0.00,0.00,0.00
39012,1.37,0.74,0.71,0.89,0.78,0.75,170.17,0.70,2.83,0.20,1.25,0.00,0.00,0.00
39014,0.26,0.14,2.46,1.90,0.85,0.89,171.69,0.05,0.63,0.00,0.00,23.29,8.41,0.00
39015,0.80,0.35,1.42,1.25,0.88,0.93,171.09,0.34,1.61,0.00,0.00,0.00,0.00,0.00
39016,0.81,0.37,1.28,1.65,0.83,0.88,162.02,0.31,1.81,0.00,0.00,1.40,14.60,0.00
39017,0.39,0.22,2.07,6.30,0.28,0.17,130.08,0.00,1.90,64.64,5.00,200.99,18.65,0.24
39019,0.64,0.30,1.24,1.48,0.88,0.97,176.54,0.28,1.29,0.00,0.00,0.00,0.00,0.00
39020,1.11,0.46,1.33,2.48,0.80,0.92,154.44,0.30,2.74,0.00,0.00,6.42,22.27,0.00
39021,0.60,0.31,1.43,2.83,0.66,0.67,140.65,0.10,1.96,0.98,2.12,36.90,11.56,0.00
39022,1.10,0.54,1.51,1.39,0.77,0.77,151.15,0.47,2.61,0.50,1.18,0.00,0.00,0.00
39023,0.63,0.29,1.14,1.02,0.92,0.94,185.58,0.31,1.07,0.00,0.00,0.02,1.00,0.00
39025,0.81,0.36,1.63,3.09,0.57,0.52,132.08,0.10,2.84,9.28,1.70,69.44,10.27,0.00
39027,0.32,0.16,1.68,1.70,0.83,0.87,167.48,0.10,0.73,0.38,5.00,3.00,6.00,0.00
39028,0.59,0.26,1.33,1.61,0.85,0.95,164.04,0.23,1.32,0.00,0.00,0.00,0.00,0.00
39029,0.79,0.34,0.95,0.71,0.87,0.88,164.25,0.46,1.38,0.00,0.00,0.00,0.00,0.00
39034,0.78,0.38,1.64,2.91,0.69,0.71,139.98,0.13,2.46,0.35,1.29,36.40,15.27,0.00
39035,0.61,0.26,1.72,4.16,0.70,0.83,142.04,0.01,1.89,0.00,0.00,95.54,21.32,0.04
39036,0.57,0.24,0.50,0.61,0.91,0.92,172.60,0.38,0.84,0.00,0.00,0.00,0.00,0.00
39037,0.57,0.25,2.13,3.28,0.77,0.94,167.57,0.05,1.77,1.01,2.83,55.78,34.46,0.01
39042,0.85,0.39,1.56,3.70,0.69,0.79,137.48,0.08,2.75,0.58,3.62,78.60,25.83,0.00
39049,0.71,0.37,1.52,2.53,0.44,0.34,141.10,0.11,2.63,16.22,1.51,43.51,6.39,0.00
39052,0.73,0.40,1.51,2.49,0.55,0.48,141.10,0.14,2.31,5.75,1.43,19.56,4.42,0.00
39054,0.93,0.41,1.72,4.82,0.34,0.22,124.71,0.04,4.28,38.45,2.51,159.90,9.19,0.01
39056,0.25,0.13,1.42,2.10,0.55,0.48,155.36,0.05,0.80,5.96,1.24,12.00,4.37,0.00
39061,2.08,1.00,1.69,2.23,0.82,0.96,177.87,0.28,5.67,0.00,0.00,30.61,37.95,0.00
39065,0.32,0.16,1.34,1.72,0.88,0.97,195.27,0.04,0.71,0.00,0.00,30.96,33.20,0.01
39069,1.42,0.63,1.78,2.49,0.46,0.38,130.12,0.21,5.84,19.12,1.92,45.21,6.35,0.00
39072,0.72,0.36,1.65,2.23,0.72,0.71,147.73,0.18,2.10,0.07,3.00,2.71,4.50,0.00
39078,0.37,0.15,1.77,2.10,0.72,0.73,149.04,0.08,1.06,2.50,1.52,8.44,4.26,0.00
39081,0.59,0.35,1.80,2.64,0.66,0.65,145.81,0.13,1.97,4.20,2.24,9.62,5.35,0.00
39087,1.47,0.74,1.00,1.71,0.63,0.57,141.92,0.49,4.38,3.90,1.43,0.34,2.29,0.00
39088,0.48,0.23,1.90,1.37,0.90,0.95,187.16,0.16,0.96,0.00,0.00,1.14,11.00,0.00
39095,0.36,0.21,1.30,1.90,0.52,0.44,156.53,0.08,1.20,7.19,1.28,14.36,3.55,0.00
39099,1.33,0.57,1.78,3.52,0.68,0.76,136.57,0.04,4.10,1.12,4.89,82.78,43.51,0.03
39101,0.39,0.17,2.88,3.71,0.74,0.96,177.53,0.04,1.55,25.52,38.95,84.20,57.71,0.00
39105,0.60,0.33,1.85,2.59,0.59,0.56,140.12,0.11,2.24,12.70,4.59,29.17,6.17,0.00
39108,1.04,0.40,1.77,3.49,0.73,0.90,147.09,0.08,3.21,0.25,4.00,73.32,24.74,0.01
39114,0.21,0.10,3.43,3.47,0.81,0.95,189.59,0.00,0.76,4.93,9.87,87.90,61.33,0.11
39120,0.09,0.03,2.64,4.88,0.46,0.43,123.06,0.00,0.45,51.79,5.66,176.78,30.23,0.34
39125,0.11,0.05,1.32,6.30,0.79,0.90,172.00,0.00,0.48,30.38,18.37,151.82,68.14,0.30
39127,0.26,0.12,3.10,2.21,0.87,0.95,180.90,0.03,0.67,0.00,0.00,32.99,45.48,0.01
39141,0.77,0.32,1.16,1.41,0.71,0.68,148.12,0.29,2.16,1.32,1.74,0.08,2.00,0.00
39142,1.00,0.40,0.99,1.40,0.86,0.94,160.07,0.45,2.13,0.00,0.00,0.00,0.00,0.00
39143,0.94,0.40,1.48,2.57,0.76,0.83,146.48,0.20,2.54,0.00,0.00,12.30,7.90,0.00
39144,0.66,0.35,1.56,2.58,0.72,0.75,152.96,0.14,1.92,1.97,1.54,15.43,6.81,0.00
40003,0.75,0.36,1.50,2.51,0.48,0.40,129.65,0.11,3.11,23.26,2.95,61.93,6.35,0.00
40004,1.03,0.43,1.76,3.72,0.40,0.31,122.77,0.08,4.56,41.02,3.41,151.51,13.36,0.00
40005,0.63,0.33,2.17,4.56,0.33,0.23,117.44,0.02,3.17,50.66,4.46,188.16,20.50,0.00
40006,0.52,0.25,2.28,1.64,0.61,0.57,138.74,0.11,1.49,6.08,1.62,15.62,6.68,0.00
40007,0.99,0.42,1.66,2.82,0.51,0.45,128.69,0.11,3.68,15.36,1.86,63.10,9.19,0.00
40009,0.87,0.38,0.94,1.21,0.56,0.46,149.38,0.16,2.70,6.61,1.54,23.37,4.71,0.00
40010,0.66,0.31,1.68,2.70,0.45,0.36,132.35,0.09,2.79,26.34,2.65,88.05,7.73,0.00
40011,0.80,0.38,1.33,1.73,0.72,0.70,140.92,0.26,2.23,0.98,1.55,0.10,1.25,0.00
40012,0.30,0.15,1.70,2.39,0.74,0.74,151.13,0.02,0.84,0.69,2.57,46.60,14.25,0.02
40013,0.61,0.28,1.94,2.10,0.61,0.55,139.60,0.12,1.76,7.83,2.54,21.84,5.82,0.00
40016,0.35,0.18,2.03,1.66,0.77,0.73,174.06,0.09,0.79,0.48,1.09,9.41,5.06,0.00
40017,1.10,0.44,1.46,2.64,0.48,0.43,123.79,0.17,3.78,16.12,1.69,59.84,6.99,0.00
40018,0.52,0.25,1.81,1.89,0.75,0.73,149.00,0.11,1.34,0.35,1.80,15.53,7.51,0.00
4001,4.80,0.95,1.06,1.98,0.69,0.61,132.81,1.13,10.85,0.11,1.00,1.67,3.90,0.00
40020,1.33,0.53,1.44,2.81,0.51,0.45,131.92,0.19,4.39,13.09,1.61,63.17,7.95,0.00
40021,0.85,0.39,1.46,3.19,0.50,0.44,132.23,0.09,3.26,18.44,1.93,95.65,11.06,0.00
40022,0.87,0.43,1.96,2.60,0.60,0.57,134.50,0.14,3.34,12.26,4.12,43.01,7.78,0.00
40033,0.84,0.36,1.55,1.83,0.86,0.97,184.70,0.21,1.88,0.00,0.00,10.04,11.16,0.00
4003,2.67,0.65,1.30,2.64,0.52,0.42,131.39,0.43,8.55,4.90,1.46,36.56,9.43,0.00
4005,4.83,0.81,0.92,3.48,0.40,0.24,131.16,0.40,17.61,11.67,1.34,86.16,6.61,0.00
4006,5.11,0.85,0.96,3.49,0.43,0.28,128.55,0.40,17.56,8.14,1.43,84.92,7.62,0.00
41001,1.36,0.59,2.12,3.91,0.39,0.31,114.33,0.07,5.76,32.60,2.90,159.98,16.27,0.00
41003,0.89,0.39,1.96,4.27,0.35,0.24,119.65,0.05,3.67,43.16,3.36,172.01,11.21,0.00
41004,0.56,0.24,1.28,2.74,0.52,0.41,134.25,0.06,2.24,16.33,2.10,85.41,6.63,0.00
41005,1.04,0.44,1.47,2.57,0.56,0.50,129.33,0.20,3.52,11.69,1.95,21.17,5.11,0.00
41006,1.12,0.48,1.78,2.72,0.48,0.41,122.96,0.16,3.89,16.40,1.77,73.28,8.03,0.00
41009,1.02,0.40,1.05,2.07,0.66,0.64,131.67,0.25,3.59,0.52,1.71,5.40,3.44,0.00
41011,1.33,0.51,1.27,1.57,0.70,0.68,137.21,0.39,3.60,1.70,1.19,1.33,23.00,0.00
41012,1.28,0.56,1.83,2.92,0.42,0.34,118.21,0.15,5.18,24.32,2.26,105.71,8.89,0.00
41013,0.97,0.42,1.67,3.55,0.43,0.35,119.23,0.09,4.01,26.89,2.25,131.51,14.35,0.00
41014,1.22,0.54,0.97,3.80,0.31,0.22,115.96,0.06,6.38,48.74,3.84,180.40,18.04,0.00
41016,1.02,0.42,1.93,3.68,0.47,0.40,119.52,0.07,3.95,21.06,1.97,119.58,13.17,0.00
41019,1.01,0.45,1.34,3.38,0.42,0.33,119.96,0.09,4.05,25.99,2.30,123.77,11.05,0.00
41020,1.17,0.47,1.91,4.06,0.37,0.28,113.19,0.05,5.45,39.28,2.65,156.52,15.24,0.00
41022,1.01,0.41,1.46,3.52,0.43,0.34,119.46,0.09,4.16,26.23,2.20,122.81,13.03,0.00
41023,0.33,0.12,3.07,NaN,0.62,0.84,156.26,0.00,1.54,170.08,142.18,219.36,206.71,0.53
41025,1.11,0.49,1.57,4.32,0.31,0.21,114.82,0.04,5.13,43.78,3.31,179.33,18.20,0.00
41027,1.29,0.48,1.34,1.88,0.62,0.59,129.46,0.36,3.67,6.34,1.40,0.58,5.80,0.00
41028,0.95,0.39,1.68,3.19,0.46,0.39,120.96,0.08,3.96,22.56,2.11,102.95,12.34,0.00
41029,0.98,0.42,1.78,3.77,0.44,0.38,118.73,0.06,3.92,23.23,2.19,128.79,16.00,0.00
42001,0.47,0.20,1.94,3.80,0.48,0.41,123.54,0.02,1.89,21.80,2.04,122.70,10.16,0.00
42003,0.97,0.40,1.60,3.91,0.43,0.33,122.08,0.05,4.10,21.93,1.81,121.45,12.32,0.00
42004,0.90,0.39,0.95,1.15,0.89,0.94,165.10,0.46,1.71,0.00,0.00,0.00,0.00,0.00
42006,1.10,0.43,1.67,2.58,0.80,0.93,156.81,0.22,2.88,0.17,1.80,19.65,12.62,0.00
42008,0.79,0.30,1.07,1.37,0.87,0.96,162.04,0.33,1.58,0.00,0.00,0.00,0.00,0.00
42010,1.40,0.58,1.09,1.04,0.90,0.96,168.13,0.76,2.46,0.00,0.00,0.00,0.00,0.00
42011,0.78,0.32,1.48,2.10,0.69,0.67,152.57,0.19,2.27,2.58,1.11,10.16,7.17,0.00
42016,1.59,0.65,0.77,0.87,0.92,0.98,173.72,0.96,2.57,0.00,0.00,0.00,0.00,0.00
42017,1.18,0.50,1.41,2.49,0.51,0.44,146.49,0.12,4.28,12.21,1.77,60.54,5.96,0.00
42024,1.01,0.43,1.18,1.04,0.90,0.97,171.03,0.53,1.93,0.00,0.00,0.00,0.00,0.00
42026,0.80,0.35,3.10,2.90,0.76,0.91,153.78,0.03,2.49,3.36,8.44,79.40,34.56,0.00
42027,0.76,0.33,1.34,1.44,0.86,0.96,155.22,0.27,1.71,0.00,0.00,0.00,0.00,0.00
43005,0.93,0.43,1.02,1.98,0.82,0.91,156.73,0.29,2.23,0.02,1.00,2.10,27.25,0.00
43006,1.15,0.46,1.32,2.10,0.77,0.82,144.92,0.36,3.00,0.21,1.10,0.15,4.00,0.00
43007,1.12,0.45,1.65,3.01,0.64,0.64,131.04,0.18,3.82,5.53,2.20,48.97,12.89,0.00
43008,0.77,0.31,1.66,2.22,0.78,0.89,156.46,0.21,2.10,0.48,5.00,2.02,10.50,0.00
43009,1.12,0.46,1.67,3.68,0.43,0.34,116.50,0.11,4.83,31.81,2.70,124.48,15.49,0.00
43014,0.83,0.38,0.95,1.04,0.86,0.89,161.22,0.44,1.61,0.00,0.00,0.00,0.00,0.00
43017,0.70,0.32,1.49,2.73,0.69,0.71,137.92,0.12,2.18,3.53,2.14,35.33,11.77,0.00
43018,1.01,0.41,1.61,2.96,0.76,0.91,143.79,0.19,2.94,0.54,2.89,25.94,15.54,0.00
43021,1.01,0.43,0.97,2.00,0.79,0.87,149.88,0.31,2.67,0.08,4.00,1.87,17.80,0.00
44001,1.38,0.49,1.42,1.87,0.80,0.86,147.19,0.52,3.24,0.00,0.00,0.48,12.50,0.00
44002,1.17,0.43,1.43,2.08,0.79,0.89,148.63,0.37,3.12,0.00,0.00,1.21,6.30,0.00
44006,1.41,0.46,1.55,1.95,0.80,0.87,150.27,0.47,3.44,0.00,0.00,0.02,1.00,0.00
44009,3.69,1.39,1.53,2.09,0.81,0.94,159.46,1.07,9.84,0.02,1.00,1.93,5.69,0.00
44011,1.22,0.45,1.34,1.72,0.67,0.64,138.78,0.39,3.37,2.63,1.19,0.00,0.00,0.00
45001,2.30,0.64,1.51,3.18,0.54,0.50,118.73,0.28,7.67,6.46,1.94,63.37,11.28,0.00
45003,1.44,0.52,1.36,1.90,0.59,0.54,129.42,0.39,4.57,5.23,1.33,1.58,8.20,0.00
45004,1.60,0.55,1.49,2.08,0.55,0.48,126.40,0.37,5.51,10.25,1.43,4.81,5.95,0.00
45005,1.37,0.49,1.10,1.66,0.59,0.53,130.83,0.41,4.34,6.75,1.30,1.33,11.50,0.00
45009,2.62,0.67,1.40,2.95,0.56,0.52,121.25,0.48,8.59,5.54,2.40,27.10,9.03,0.00
45012,1.19,0.47,1.41,3.56,0.51,0.45,119.29,0.10,4.52,17.08,2.21,101.64,14.70,0.00
46003,3.92,0.76,1.31,2.77,0.56,0.51,122.56,0.54,12.51,4.31,1.24,50.73,10.59,0.00
46005,4.97,0.83,1.26,2.64,0.52,0.45,124.60,0.78,16.30,7.54,1.14,38.63,10.92,0.00
46008,3.12,0.69,1.37,3.03,0.56,0.50,126.47,0.42,10.06,5.07,1.41,57.43,12.34,0.00
46014,2.03,0.57,1.39,3.11,0.56,0.50,127.84,0.24,6.93,7.41,1.68,68.64,12.17,0.00
47001,2.15,0.61,1.49,3.50,0.53,0.47,113.00,0.22,7.70,9.54,1.62,82.33,13.94,0.00
47004,2.89,0.73,1.51,2.90,0.60,0.58,118.69,0.40,9.67,2.56,1.56,55.83,11.80,0.00
47005,2.17,0.62,1.34,3.76,0.48,0.41,109.56,0.11,8.38,16.91,1.73,108.80,16.54,0.00
47008,1.77,0.53,1.48,3.00,0.51,0.44,116.60,0.13,6.22,10.13,1.57,72.73,11.03,0.00
47009,2.31,0.65,1.50,3.16,0.59,0.57,120.62,0.30,7.75,3.00,2.23,62.62,12.72,0.00
47011,2.80,0.60,1.50,2.90,0.56,0.49,134.79,0.39,9.35,7.41,1.41,49.89,10.22,0.00
47014,3.73,0.76,1.28,2.40,0.61,0.57,130.70,0.72,10.78,2.79,1.15,21.20,10.46,0.00
47018,2.03,0.58,1.56,4.13,0.46,0.37,111.15,0.07,7.84,18.82,1.75,115.98,14.60,0.00
48003,1.96,0.57,1.50,2.32,0.68,0.68,130.58,0.43,5.77,0.38,1.31,10.67,3.88,0.00
48004,2.98,0.73,1.25,2.27,0.69,0.69,125.98,0.67,8.07,0.63,1.06,9.90,8.58,0.00
48005,1.74,0.57,1.36,3.28,0.62,0.64,119.92,0.23,5.82,4.38,2.45,62.75,11.17,0.00
48011,2.44,0.60,1.30,2.96,0.63,0.61,121.62,0.44,7.46,1.81,1.52,23.29,7.08,0.00
49001,2.46,0.65,1.48,2.66,0.65,0.64,121.82,0.41,7.15,1.24,1.22,36.49,10.59,0.00
49002,1.77,0.57,1.49,2.55,0.74,0.82,134.38,0.41,4.94,0.21,2.20,6.90,10.23,0.00
49004,1.55,0.52,1.95,3.13,0.65,0.67,122.33,0.19,4.85,2.71,1.38,58.81,11.16,0.00
50001,1.88,0.57,1.54,3.76,0.50,0.43,112.15,0.12,6.87,11.83,2.06,98.25,15.92,0.00
50002,2.07,0.61,1.44,3.91,0.47,0.39,110.46,0.11,7.91,16.34,1.79,109.52,14.78,0.00
50006,2.38,0.63,1.53,3.24,0.53,0.48,114.58,0.22,7.93,5.77,1.84,71.87,12.62,0.00
50007,2.20,0.63,1.37,3.21,0.52,0.46,115.71,0.21,7.92,10.86,1.54,79.00,12.77,0.00
50008,2.03,0.59,1.68,4.20,0.43,0.33,113.20,0.05,8.13,22.86,1.85,123.16,14.70,0.00
50011,2.85,0.68,1.53,3.28,0.53,0.46,121.39,0.39,9.73,8.93,1.45,63.65,9.96,0.00
5003,5.59,0.87,0.94,2.24,0.68,0.59,136.61,1.53,13.13,0.27,1.12,1.67,2.89,0.00
51001,1.21,0.45,1.54,2.56,0.66,0.67,133.19,0.22,3.77,3.82,2.13,28.51,8.84,0.00
52004,1.40,0.55,1.37,2.21,0.56,0.50,125.54,0.31,4.66,8.29,1.39,11.17,4.88,0.00
52005,1.28,0.46,1.46,2.60,0.62,0.60,128.90,0.24,4.06,4.71,1.54,25.27,6.88,0.00
52006,1.01,0.41,1.76,3.07,0.50,0.43,120.19,0.13,3.80,17.02,1.88,79.27,8.62,0.00
52007,1.38,0.56,1.53,2.61,0.49,0.43,120.71,0.21,5.90,21.17,2.11,57.63,9.51,0.00
52009,1.62,0.60,1.41,2.30,0.68,0.67,137.17,0.40,4.33,0.16,1.00,3.86,3.62,0.00
52010,1.21,0.50,2.15,3.07,0.54,0.47,124.29,0.16,4.39,11.02,1.52,70.77,11.22,0.00
52011,0.82,0.40,2.16,4.46,0.45,0.39,121.33,0.04,3.56,27.90,3.19,141.48,23.43,0.00
52015,1.04,0.41,1.38,2.69,0.67,0.67,139.00,0.21,3.00,2.96,1.68,17.40,4.73,0.00
52016,1.17,0.43,1.51,2.07,0.71,0.71,142.98,0.33,3.20,1.13,1.49,1.01,8.67,0.00
53005,1.37,0.52,1.79,2.51,0.63,0.62,128.63,0.26,4.24,2.91,1.34,26.51,6.97,0.00
53006,0.99,0.44,1.74,3.09,0.45,0.36,121.15,0.09,4.04,20.38,2.44,91.81,7.47,0.00
53007,1.24,0.46,1.82,2.70,0.57,0.52,127.08,0.20,4.23,7.12,1.43,39.85,6.91,0.00
53008,0.94,0.41,1.62,4.01,0.58,0.57,123.94,0.09,3.35,9.04,2.33,96.63,17.82,0.00
53009,1.52,0.55,1.63,2.59,0.63,0.62,129.02,0.28,4.68,1.81,1.40,27.14,7.35,0.00
53013,1.07,0.50,1.81,2.35,0.66,0.64,138.90,0.22,3.24,3.75,1.34,14.88,5.95,0.00
53017,1.01,0.43,1.44,3.48,0.51,0.44,121.76,0.09,3.76,15.11,1.91,93.94,9.84,0.00
53018,1.08,0.47,1.59,3.36,0.57,0.54,125.19,0.14,3.84,11.19,2.51,64.24,10.99,0.00
53022,1.07,0.45,1.55,2.91,0.61,0.56,132.41,0.18,3.54,6.18,2.11,36.32,6.67,0.00
53023,1.10,0.46,1.81,4.02,0.62,0.65,125.43,0.14,3.57,4.14,3.32,85.51,22.98,0.00
53028,1.40,0.57,1.62,3.29,0.62,0.64,125.85,0.20,4.27,3.04,3.10,55.68,16.44,0.00
54001,1.21,0.47,1.73,2.90,0.58,0.54,125.54,0.21,4.05,3.00,2.89,39.29,7.46,0.00
54002,0.66,0.36,1.74,1.99,0.58,0.53,142.40,0.17,2.23,7.75,2.42,2.92,6.04,0.00
54003,2.57,0.46,2.21,2.65,0.45,0.36,125.21,0.35,9.66,33.30,4.00,51.17,5.83,0.00
54004,1.05,0.55,0.95,1.21,0.68,0.62,157.98,0.47,2.69,1.75,1.35,0.00,0.00,0.00
54005,1.89,0.57,1.39,3.15,0.54,0.48,119.65,0.27,6.56,5.15,2.82,63.81,9.17,0.00
54007,0.79,0.40,1.41,1.65,0.58,0.53,142.69,0.22,2.39,7.17,1.50,2.14,6.17,0.00
54008,1.13,0.47,1.88,3.10,0.57,0.55,126.79,0.11,4.17,7.64,2.29,74.74,20.13,0.00
54011,0.62,0.33,1.84,1.61,0.61,0.56,146.23,0.17,1.90,7.11,1.67,1.10,5.33,0.00
54012,0.67,0.34,1.40,1.67,0.71,0.71,144.02,0.24,1.77,0.21,1.57,1.12,8.29,0.00
54015,0.66,0.36,2.06,2.90,0.43,0.35,134.49,0.06,2.86,26.10,2.91,111.85,13.28,0.00
54016,0.63,0.32,1.87,2.62,0.63,0.63,138.24,0.13,2.17,3.90,2.81,14.09,8.42,0.00
54017,0.67,0.34,2.09,2.91,0.50,0.46,133.13,0.09,2.56,16.62,2.96,79.94,12.12,0.00
54018,0.86,0.40,1.55,3.10,0.55,0.51,130.51,0.12,3.08,10.08,2.02,68.54,11.83,0.00
54019,0.64,0.35,1.61,2.59,0.56,0.50,136.08,0.12,2.21,9.28,2.11,19.00,5.36,0.00
54020,0.73,0.35,1.61,2.32,0.67,0.66,137.79,0.18,2.22,2.25,1.89,4.46,10.09,0.00
54022,5.40,0.76,1.08,2.74,0.45,0.35,121.75,0.67,19.30,11.13,1.31,57.83,9.27,0.00
54024,0.40,0.21,1.42,1.62,0.72,0.71,150.12,0.12,1.01,0.58,1.76,6.21,6.87,0.00
54025,2.27,0.60,1.11,3.71,0.47,0.39,112.75,0.08,8.43,11.35,1.83,100.29,13.34,0.00
54027,1.15,0.47,1.08,1.65,0.80,0.87,154.40,0.36,2.71,0.02,1.00,1.60,10.38,0.00
54028,2.39,0.63,1.55,3.10,0.52,0.45,118.44,0.26,8.15,7.54,1.70,67.23,9.68,0.00
54029,1.07,0.45,1.55,3.10,0.58,0.55,129.21,0.11,3.69,7.88,2.23,71.44,18.57,0.00
54032,1.11,0.45,1.65,2.79,0.60,0.57,128.29,0.19,3.65,0.37,1.73,35.24,8.21,0.00
54034,0.73,0.37,1.72,3.50,0.46,0.39,136.37,0.06,2.91,20.98,2.64,111.46,13.53,0.00
54036,0.64,0.32,1.83,2.92,0.58,0.55,139.33,0.09,2.12,9.33,1.66,54.06,9.01,0.00
54038,2.41,0.66,1.17,3.23,0.53,0.47,123.46,0.21,8.37,5.86,1.74,76.29,13.64,0.00
54044,0.78,0.37,1.00,1.11,0.79,0.78,155.75,0.38,1.63,0.34,1.31,0.00,0.00,0.00
54048,0.56,0.31,1.74,3.33,0.49,0.42,139.89,0.05,2.09,18.42,2.27,107.07,13.24,0.00
54049,0.50,0.28,2.31,3.09,0.47,0.38,136.42,0.07,1.99,24.22,3.07,68.56,5.45,0.00
54052,0.72,0.36,1.27,1.73,0.71,0.69,142.21,0.24,1.95,1.17,1.49,0.67,1.94,0.00
54057,0.97,0.43,1.79,2.59,0.61,0.58,134.02,0.18,3.30,0.75,2.92,25.39,6.16,0.00
54060,0.56,0.29,0.88,1.46,0.67,0.66,151.70,0.17,1.42,5.19,2.04,5.00,7.04,0.00
54063,0.95,0.46,1.00,1.39,0.66,0.61,162.76,0.33,2.36,2.06,1.16,0.00,0.00,0.00
54080,3.40,0.70,0.98,2.27,0.54,0.46,126.60,0.49,10.94,2.76,1.46,37.02,5.56,0.00
54095,1.42,0.52,1.51,2.85,0.58,0.54,126.59,0.27,4.76,4.41,2.98,29.70,5.12,0.00
54096,0.53,0.29,1.56,1.90,0.62,0.58,140.49,0.13,1.45,6.69,1.67,5.97,3.38,0.00
55002,2.20,0.62,1.46,3.05,0.53,0.45,119.06,0.28,7.64,6.89,1.68,57.15,11.62,0.00
55007,2.60,0.65,1.46,3.21,0.50,0.41,116.46,0.31,9.02,8.58,1.59,79.58,11.01,0.00
55008,5.92,0.86,1.05,3.07,0.43,0.31,124.98,0.59,20.91,10.18,1.25,69.19,7.96,0.00
55013,1.61,0.55,1.36,2.96,0.58,0.56,123.85,0.18,5.39,4.79,1.80,67.71,16.93,0.00
55014,1.67,0.57,1.28,2.81,0.65,0.65,130.44,0.28,5.12,2.33,2.05,36.83,16.23,0.00
55016,1.99,0.62,1.54,3.75,0.47,0.38,114.23,0.08,7.49,13.00,1.77,106.27,16.40,0.00
55018,0.69,0.34,1.26,2.70,0.56,0.52,135.02,0.09,2.42,10.83,1.79,57.40,11.56,0.00
55021,1.37,0.53,1.37,2.99,0.65,0.66,131.68,0.21,4.20,3.11,2.33,41.66,18.42,0.00
55023,1.60,0.55,1.72,2.77,0.58,0.54,124.60,0.23,5.51,4.08,2.33,48.87,11.93,0.00
55025,1.51,0.49,1.53,3.58,0.58,0.57,121.19,0.10,5.05,6.09,1.57,89.71,18.05,0.00
55026,3.55,0.75,1.21,3.06,0.48,0.38,116.87,0.25,12.20,7.21,1.43,75.60,9.95,0.00
55029,1.49,0.53,1.39,2.85,0.54,0.51,126.19,0.16,5.07,10.02,1.63,72.44,17.94,0.00
55032,2.32,0.46,1.58,2.48,0.42,0.34,123.65,0.32,10.31,33.01,3.20,110.86,17.57,0.00
56001,2.75,0.68,1.51,2.63,0.56,0.51,120.83,0.42,9.19,5.62,1.51,42.35,11.47,0.00
56002,3.04,0.71,1.35,2.35,0.58,0.53,125.37,0.52,9.83,4.09,1.55,30.13,7.56,0.00
56007,4.66,0.82,1.24,2.89,0.46,0.36,121.42,0.45,17.04,11.55,1.33,72.62,10.75,0.00
56012,2.15,0.56,1.20,2.60,0.61,0.58,132.43,0.34,6.62,1.66,1.25,38.39,12.44,0.00
56013,2.62,0.67,1.30,3.22,0.53,0.46,119.73,0.25,8.84,5.99,1.41,75.20,14.00,0.00
57004,3.82,0.72,1.17,2.84,0.48,0.39,118.08,0.48,14.16,13.38,1.64,63.58,9.70,0.00
57005,4.02,0.75,1.39,2.50,0.51,0.44,121.96,0.69,14.42,10.17,1.56,33.67,7.78,0.00
57006,5.04,0.79,1.21,2.86,0.48,0.39,121.83,0.64,17.55,9.01,1.43,54.94,8.65,0.00
57007,3.18,0.64,1.35,2.43,0.52,0.45,124.38,0.61,11.19,11.27,1.62,21.61,8.68,0.00
57008,2.69,0.65,1.50,2.81,0.53,0.47,122.98,0.35,9.33,8.24,1.52,52.45,8.70,0.00
57009,2.77,0.70,1.45,2.83,0.54,0.47,122.12,0.37,9.09,5.09,1.36,49.53,7.75,0.00
58001,3.74,0.72,1.49,2.70,0.54,0.46,125.88,0.53,11.55,3.25,1.34,41.17,8.27,0.00
58002,4.60,0.83,1.32,3.40,0.44,0.33,126.62,0.42,16.77,13.97,1.43,79.46,10.94,0.00
58006,4.50,0.79,1.38,3.52,0.46,0.35,122.31,0.52,15.58,11.53,1.42,70.68,11.29,0.00
58008,4.24,0.80,1.33,3.03,0.46,0.36,124.59,0.51,15.02,11.08,1.33,64.11,8.73,0.00
58009,2.55,0.66,1.25,2.20,0.61,0.56,127.86,0.56,7.37,2.48,1.19,10.98,7.45,0.00
58010,5.01,0.85,1.16,4.10,0.31,0.18,130.68,0.28,21.81,36.29,1.66,139.07,8.81,0.00
58012,5.06,0.86,1.16,2.64,0.53,0.44,130.98,0.87,16.23,4.63,1.25,31.20,9.11,0.00
59001,4.70,0.86,1.31,3.04,0.45,0.34,125.77,0.59,16.60,11.30,1.32,65.04,9.36,0.00
60002,3.49,0.77,1.31,3.28,0.50,0.42,115.35,0.29,11.57,6.69,1.52,73.51,12.13,0.00
60003,2.99,0.74,1.30,2.97,0.58,0.55,113.31,0.32,9.41,3.69,1.34,60.19,12.32,0.00
60005,3.17,0.73,1.35,3.47,0.48,0.40,115.21,0.18,10.92,8.37,1.74,87.54,11.12,0.00
60006,3.47,0.77,1.34,2.98,0.54,0.48,116.58,0.34,11.04,4.23,1.38,61.04,12.80,0.00
60010,3.19,0.71,1.22,3.20,0.52,0.45,116.71,0.33,10.69,4.54,1.57,65.16,9.96,0.00
60012,3.25,0.77,1.16,3.44,0.45,0.34,116.91,0.16,11.36,8.82,1.38,88.50,9.00,0.00
6007,4.28,0.80,1.10,1.97,0.66,0.61,135.49,0.99,11.33,0.18,1.50,9.73,5.66,0.00
6008,2.59,0.65,1.21,3.59,0.42,0.30,116.58,0.08,10.08,15.95,1.85,100.79,12.81,0.00
61001,2.37,0.65,1.52,2.86,0.64,0.63,116.77,0.32,7.08,1.17,1.08,46.04,10.17,0.00
61002,2.94,0.70,1.21,2.67,0.61,0.56,117.02,0.55,8.93,3.24,1.25,25.50,7.44,0.00
62001,2.81,0.71,1.20,3.20,0.57,0.53,113.12,0.29,8.71,2.88,1.79,64.63,14.61,0.00
63001,3.15,0.72,1.39,2.91,0.49,0.40,115.90,0.29,10.85,6.93,1.45,66.71,10.62,0.00
63004,5.54,0.94,1.14,3.25,0.41,0.29,129.03,0.48,19.64,12.49,1.38,81.01,8.24,0.00
64001,4.36,0.79,1.26,3.09,0.48,0.38,122.68,0.36,14.69,7.81,1.48,70.93,10.41,0.00
64002,5.10,0.82,1.10,2.49,0.55,0.47,127.63,0.72,14.92,2.65,1.30,38.40,9.94,0.00
64006,2.98,0.68,1.21,2.57,0.57,0.51,125.36,0.39,8.56,1.57,1.28,38.61,9.28,0.00
65001,7.58,0.90,1.03,2.88,0.45,0.32,131.33,0.73,25.60,6.56,1.16,62.02,7.45,0.00
65004,4.37,0.70,1.08,2.90,0.52,0.42,130.49,0.56,13.70,2.61,1.29,54.75,10.74,0.00
65005,2.74,0.70,1.32,2.50,0.59,0.53,120.94,0.44,8.43,3.32,1.24,36.83,7.36,0.00
65006,5.48,0.84,1.20,2.84,0.51,0.40,135.23,0.69,17.26,2.72,1.32,43.29,7.80,0.00
65007,4.54,0.77,1.30,2.77,0.49,0.38,130.69,0.52,14.60,4.62,1.15,49.79,8.23,0.00
65008,10.32,1.06,1.04,3.43,0.37,0.22,135.31,0.76,40.03,16.85,1.30,93.88,6.13,0.00
66001,1.37,0.52,1.35,2.95,0.60,0.58,121.46,0.20,4.44,3.06,1.99,49.50,11.54,0.00
66004,1.02,0.42,1.26,1.95,0.77,0.82,146.90,0.33,2.35,0.24,3.00,0.00,0.00,0.00
66006,2.00,0.58,1.08,3.69,0.52,0.46,112.63,0.16,6.93,7.71,1.70,95.06,13.29,0.00
66011,4.86,0.82,1.28,3.44,0.41,0.28,119.90,0.33,17.83,14.10,1.37,90.81,7.70,0.00
67001,4.37,0.80,1.09,2.21,0.59,0.54,126.77,1.05,12.65,2.03,1.75,6.21,4.22,0.00
67005,2.40,0.67,1.41,2.95,0.57,0.53,121.85,0.31,7.73,3.76,1.70,56.35,12.50,0.00
67006,2.36,0.61,1.47,2.77,0.54,0.48,120.27,0.31,7.63,5.17,1.61,52.44,9.37,0.00
67008,0.89,0.34,1.40,2.87,0.59,0.57,128.54,0.17,2.89,5.63,1.84,22.00,5.50,0.00
67010,4.85,0.84,1.10,3.34,0.38,0.25,119.42,0.46,19.65,23.15,1.44,97.92,8.75,0.00
67015,2.69,0.66,1.21,2.83,0.60,0.56,124.29,0.73,7.99,1.79,1.69,0.46,4.00,0.00
67018,5.09,0.88,1.19,3.29,0.40,0.27,120.37,0.37,19.54,16.33,1.35,89.54,8.11,0.00
67025,1.09,0.45,1.46,2.01,0.62,0.58,135.50,0.27,3.23,3.53,1.37,4.73,4.73,0.00
67033,1.64,0.50,1.58,3.49,0.54,0.50,119.30,0.25,5.71,5.06,3.88,71.83,7.18,0.00
68001,0.80,0.40,1.24,2.27,0.61,0.56,132.69,0.19,2.51,3.42,1.62,5.99,6.33,0.00
68003,1.13,0.48,1.36,2.46,0.59,0.53,132.71,0.22,3.54,3.56,1.39,22.34,6.56,0.00
68004,0.80,0.41,1.31,1.91,0.64,0.59,139.06,0.20,2.18,3.04,1.50,7.68,3.66,0.00
68005,0.71,0.36,1.16,3.46,0.59,0.57,126.79,0.09,2.40,7.28,2.07,62.48,11.55,0.00
68020,0.68,0.33,1.49,2.39,0.55,0.49,137.39,0.14,2.26,10.65,1.82,15.09,6.19,0.00
69002,2.66,0.74,1.20,2.00,0.57,0.49,131.56,0.80,7.95,3.41,1.17,0.24,3.00,0.00
69007,1.83,0.57,1.29,2.05,0.61,0.55,136.74,0.51,5.18,2.27,1.27,1.53,3.23,0.00
69012,1.63,0.61,1.30,1.67,0.66,0.60,142.23,0.58,4.28,0.88,1.11,0.00,0.00,0.00
69015,2.12,0.57,1.54,2.56,0.57,0.49,130.46,0.47,6.71,5.92,1.48,12.29,4.99,0.00
69017,1.93,0.58,1.57,2.68,0.56,0.48,123.33,0.38,6.28,5.75,1.60,19.29,6.37,0.00
69023,2.28,0.64,1.28,1.99,0.59,0.52,131.70,0.67,6.62,3.19,1.19,0.06,1.00,0.00
69027,2.46,0.72,1.12,1.78,0.61,0.54,135.88,0.77,6.92,2.45,1.15,3.10,6.95,0.00
69030,1.52,0.60,1.15,2.00,0.60,0.52,131.20,0.42,4.43,2.54,1.29,1.73,2.63,0.00
69032,1.30,0.52,1.11,1.89,0.61,0.53,138.49,0.46,3.65,2.05,1.20,0.00,0.00,0.00
69043,2.32,0.78,0.38,1.19,0.67,0.60,162.00,1.09,5.75,0.62,1.06,0.00,0.00,0.00
70002,1.99,0.69,1.13,2.07,0.60,0.51,138.38,0.51,5.83,2.08,1.18,4.87,2.72,0.00
7001,2.94,0.78,1.06,2.63,0.48,0.35,137.13,0.41,10.10,6.79,1.27,48.56,7.03,0.00
7002,2.20,0.67,1.30,2.57,0.50,0.39,139.85,0.36,7.12,5.13,1.27,36.71,7.64,0.00
7003,1.06,0.43,1.30,1.86,0.61,0.55,148.63,0.30,2.95,3.81,1.55,2.56,6.65,0.00
7005,1.52,0.55,1.22,2.49,0.50,0.41,149.32,0.28,4.85,7.15,1.52,25.55,9.71,0.00
7006,1.56,0.50,0.95,1.84,0.55,0.47,158.69,0.46,4.63,6.00,1.51,0.28,4.00,0.00
71001,2.59,0.68,1.32,3.14,0.46,0.34,120.35,0.35,9.36,11.08,1.38,61.98,7.11,0.00
71004,2.43,0.71,1.42,2.43,0.51,0.42,125.14,0.53,8.06,8.10,1.33,8.10,4.08,0.00
71006,2.70,0.71,1.36,3.40,0.43,0.31,118.67,0.22,10.20,14.96,1.51,88.60,9.48,0.00
71008,3.02,0.66,1.38,3.08,0.43,0.32,122.28,0.37,11.21,15.18,1.44,73.71,8.54,0.00
71014,2.50,0.74,1.26,2.04,0.54,0.45,131.27,0.71,7.80,5.71,1.16,0.68,3.75,0.00
72002,2.17,0.60,1.46,3.24,0.42,0.31,118.38,0.20,8.36,17.38,1.53,89.98,8.60,0.00
72004,3.26,0.75,1.24,3.22,0.44,0.32,120.45,0.28,11.71,11.66,1.39,78.65,8.76,0.00
72005,4.10,0.87,1.23,3.13,0.43,0.32,122.81,0.37,15.13,14.76,1.53,76.85,9.08,0.00
72007,2.31,0.57,1.28,3.21,0.46,0.35,127.31,0.21,8.01,10.51,1.26,79.68,8.84,0.00
72009,2.67,0.70,1.36,3.65,0.40,0.28,116.36,0.17,10.53,20.88,1.63,109.69,10.01,0.00
72014,2.09,0.61,1.53,3.21,0.46,0.35,119.81,0.19,7.42,11.01,1.39,80.35,8.77,0.00
72015,4.11,0.86,1.32,3.36,0.41,0.30,120.12,0.34,15.66,14.73,1.46,93.13,9.03,0.00
73005,3.88,0.77,1.26,2.90,0.50,0.40,121.85,0.48,12.54,6.02,1.32,55.24,9.74,0.00
73009,5.03,0.84,1.21,3.19,0.44,0.32,122.96,0.43,17.82,9.09,1.31,74.37,8.67,0.00
73010,5.04,0.79,1.11,3.16,0.54,0.46,121.90,0.44,14.87,0.58,2.14,63.65,11.86,0.00
73011,3.44,0.74,1.39,3.23,0.47,0.36,119.27,0.28,11.64,8.51,1.44,76.11,9.23,0.00
73014,7.65,0.92,0.99,3.61,0.39,0.25,125.42,0.52,28.31,13.63,1.35,97.14,8.12,0.00
73015,1.77,0.53,1.52,3.24,0.48,0.38,122.22,0.18,6.57,12.95,1.50,80.05,11.40,0.00
74001,5.30,0.84,1.27,3.55,0.43,0.29,128.62,0.47,18.14,8.44,1.17,80.42,7.24,0.00
74005,3.59,0.71,1.30,2.76,0.53,0.43,126.24,0.66,11.21,4.21,1.28,24.91,6.46,0.00
74006,3.80,0.75,1.14,2.56,0.50,0.39,132.45,0.57,12.34,5.56,1.14,39.76,7.25,0.00
74007,5.78,0.86,1.29,3.18,0.44,0.30,133.00,0.55,19.61,7.55,1.18,68.11,7.25,0.00
75003,4.16,0.69,1.26,2.79,0.55,0.50,119.60,0.49,12.68,1.62,2.47,50.11,16.59,0.00
75004,4.08,0.74,1.20,3.03,0.50,0.42,119.08,0.48,13.07,4.37,1.58,63.90,12.63,0.00
75017,2.05,0.61,1.40,2.78,0.55,0.50,116.94,0.26,6.42,5.56,1.34,56.85,10.02,0.00
76003,3.36,0.66,1.36,2.69,0.55,0.50,119.87,0.48,10.55,5.30,1.94,40.88,12.99,0.00
76005,2.15,0.64,1.43,2.93,0.47,0.36,117.63,0.27,7.71,12.73,1.58,65.37,9.49,0.00
76007,2.07,0.59,1.31,2.50,0.55,0.48,122.21,0.38,6.48,4.71,1.50,26.94,8.28,0.00
76008,2.11,0.68,1.51,3.04,0.44,0.32,128.98,0.28,7.54,12.35,1.34,68.01,8.98,0.00
76011,2.40,0.67,0.40,4.01,0.32,0.18,126.77,0.05,10.18,26.25,1.55,133.14,8.04,0.04
76014,3.48,0.82,1.32,3.45,0.37,0.25,118.96,0.22,13.86,22.22,1.61,107.87,9.29,0.00
77002,3.16,0.73,1.17,2.94,0.49,0.38,125.08,0.37,10.68,7.15,1.33,62.92,10.26,0.00
77003,2.91,0.72,1.19,3.17,0.42,0.30,124.10,0.29,10.71,13.98,1.32,80.92,9.33,0.00
77004,2.27,0.63,1.36,3.61,0.41,0.29,127.34,0.17,8.67,16.88,1.34,101.66,9.75,0.00
78003,2.93,0.74,1.17,2.94,0.52,0.43,123.83,0.35,9.47,4.13,1.25,59.79,11.10,0.00
78004,3.37,0.81,1.35,3.67,0.40,0.27,119.79,0.16,13.28,18.48,1.46,103.90,9.32,0.00
78006,3.65,0.77,1.06,2.82,0.50,0.41,122.67,0.44,12.10,5.72,1.32,52.84,9.16,0.00
79002,3.15,0.71,1.25,3.16,0.50,0.39,118.02,0.32,10.79,5.94,1.30,69.96,10.45,0.00
79003,3.40,0.72,1.40,3.85,0.42,0.28,113.23,0.20,13.11,17.31,1.63,104.63,9.28,0.00
79004,3.58,0.80,1.16,3.57,0.43,0.31,117.44,0.20,13.16,12.27,1.31,91.69,9.46,0.00
79005,3.09,0.73,1.15,3.41,0.48,0.38,116.42,0.21,10.82,8.54,1.31,82.25,11.53,0.00
79006,3.25,0.70,1.29,3.31,0.46,0.34,116.12,0.28,11.84,10.52,1.41,81.13,10.55,0.00
80001,2.69,0.67,1.20,3.62,0.47,0.36,113.62,0.13,9.49,9.92,1.35,94.65,12.03,0.00
80002,4.43,0.81,1.08,3.40,0.53,0.39,119.93,0.45,13.37,0.56,1.25,85.52,5.53,0.00
80003,6.39,0.81,1.04,4.09,0.33,0.17,138.81,0.27,26.01,22.12,1.24,114.76,5.97,0.00
80004,6.37,0.86,0.49,3.99,0.31,0.16,128.59,0.23,27.81,32.41,1.37,125.92,6.66,0.00
80005,7.31,0.94,1.10,3.13,0.40,0.25,145.85,0.58,28.07,12.24,1.15,78.09,6.58,0.00
80006,6.59,0.88,1.09,2.79,0.54,0.45,136.18,0.64,18.29,0.08,1.00,49.21,11.41,0.00
8004,2.29,0.70,1.25,1.60,0.62,0.55,154.73,0.64,6.07,1.77,1.21,2.29,5.95,0.00
8005,2.06,0.53,1.11,1.71,0.63,0.57,136.83,0.57,5.60,1.08,1.70,4.75,7.97,0.00
8006,1.99,0.59,1.12,1.70,0.66,0.60,145.35,0.57,5.02,0.27,1.27,1.94,11.22,0.00
8009,1.95,0.63,1.20,2.40,0.53,0.43,135.60,0.34,6.25,5.63,1.29,32.42,8.03,0.00
8011,1.89,0.63,0.98,1.49,0.66,0.63,155.53,0.65,4.81,1.72,1.34,0.00,0.00,0.00
8013,2.92,0.73,0.78,1.93,0.57,0.48,142.07,0.69,8.45,2.46,1.15,9.11,5.84,0.00
81002,3.78,0.73,1.17,3.55,0.43,0.28,124.15,0.23,13.40,8.15,1.20,86.68,8.10,0.00
81003,3.20,0.74,1.42,4.17,0.37,0.22,116.10,0.15,12.65,20.75,1.35,118.04,8.84,0.00
81004,2.64,0.68,1.31,3.57,0.46,0.33,115.24,0.13,9.33,7.92,1.34,92.17,11.14,0.00
81006,4.84,0.81,1.02,3.32,0.42,0.27,132.46,0.35,17.12,8.32,1.14,78.14,7.26,0.00
81007,4.00,0.71,1.15,3.33,0.41,0.28,128.60,0.29,15.13,13.95,1.21,85.68,7.62,0.00
82001,2.42,0.61,1.48,3.54,0.46,0.34,110.77,0.16,8.98,11.67,1.42,91.92,9.76,0.00
82003,2.93,0.66,1.20,3.58,0.45,0.31,116.20,0.14,10.48,8.42,1.23,92.15,9.01,0.00
83003,2.74,0.71,1.39,3.30,0.43,0.30,121.44,0.31,10.33,14.70,1.33,81.76,9.44,0.00
83004,2.40,0.66,1.26,3.83,0.41,0.27,116.27,0.16,9.25,18.21,1.43,106.72,9.81,0.00
83006,2.42,0.67,1.48,3.48,0.42,0.30,121.28,0.23,9.51,17.78,1.45,93.97,9.75,0.00
83007,2.64,0.66,1.18,3.92,0.40,0.27,116.32,0.17,10.37,18.98,1.45,107.31,9.17,0.00
83009,3.10,0.66,1.39,3.68,0.38,0.24,124.36,0.16,11.83,18.55,1.37,103.44,7.56,0.00
83010,2.80,0.69,1.26,3.33,0.41,0.28,127.87,0.25,10.52,15.32,1.34,85.98,8.20,0.00
83013,2.57,0.68,1.27,3.66,0.40,0.27,120.41,0.13,10.36,19.78,1.52,105.35,9.11,0.00
84001,2.29,0.60,1.28,2.57,0.53,0.42,127.33,0.39,7.46,3.54,1.34,29.37,6.20,0.00
84004,2.39,0.64,1.25,2.41,0.58,0.52,123.10,0.44,7.35,3.62,1.29,24.94,9.83,0.00
84005,2.30,0.66,1.18,2.75,0.53,0.45,120.75,0.39,7.65,5.32,1.47,37.27,7.87,0.00
84008,2.60,0.76,1.40,3.52,0.43,0.31,115.40,0.23,10.07,18.55,1.65,93.83,7.53,0.00
84009,2.31,0.65,1.35,2.95,0.48,0.38,122.49,0.24,8.40,11.10,1.40,73.97,9.05,0.00
84012,2.45,0.65,1.13,3.08,0.46,0.34,117.23,0.27,9.02,11.88,1.43,74.63,7.17,0.00
84013,2.24,0.66,1.20,2.67,0.54,0.46,122.44,0.43,7.31,4.27,1.41,21.56,6.03,0.00
84014,2.65,0.72,1.13,3.69,0.41,0.29,116.62,0.19,10.29,18.45,1.50,101.29,9.74,0.00
84016,2.07,0.62,1.04,2.57,0.51,0.41,122.58,0.35,6.93,7.67,1.31,35.19,4.99,0.00
84017,4.03,0.78,1.33,3.44,0.49,0.37,121.75,0.35,13.26,1.87,1.52,82.90,9.71,0.00
84018,2.45,0.67,1.30,2.57,0.57,0.51,122.44,0.42,7.50,3.37,1.34,28.38,10.25,0.00
84019,1.62,0.57,1.21,2.51,0.53,0.45,125.37,0.29,5.32,7.10,1.44,25.60,5.16,0.00
84020,3.52,0.75,1.02,3.50,0.42,0.29,126.19,0.30,12.90,12.03,1.29,87.40,7.81,0.00
84022,2.55,0.65,1.20,2.66,0.50,0.40,120.73,0.33,8.76,7.47,1.27,54.37,8.58,0.00
84026,3.60,0.83,1.35,3.13,0.47,0.35,123.21,0.34,12.54,8.90,1.42,71.36,8.52,0.00
84030,2.91,0.72,1.05,3.32,0.43,0.31,119.83,0.31,11.03,16.66,1.45,83.16,6.90,0.00
85001,5.12,0.85,0.99,3.08,0.70,0.76,128.88,0.94,11.57,0.00,0.00,29.70,3.16,0.00
85002,3.11,0.71,1.09,3.47,0.42,0.29,119.29,0.25,11.92,17.65,1.46,94.20,9.35,0.00
85003,6.47,0.77,1.04,4.16,0.32,0.16,128.46,0.30,26.34,26.44,1.38,124.39,5.62,0.00
85004,6.24,0.93,0.97,3.36,0.43,0.29,133.64,0.56,21.75,8.00,1.14,74.83,6.36,0.00
88001,3.71,0.79,0.68,3.59,0.40,0.24,121.33,0.21,14.17,13.59,1.20,94.43,7.40,0.00
89002,8.14,0.97,0.86,4.40,0.33,0.16,130.46,0.35,31.89,20.22,1.34,123.52,6.41,0.00
89003,7.82,0.97,1.22,3.13,0.36,0.22,127.57,0.51,31.44,22.11,1.68,95.65,7.75,0.00
89005,8.65,1.01,1.41,3.85,0.34,0.18,123.30,0.51,31.87,20.66,1.43,116.63,6.42,0.00
89007,5.38,0.68,0.87,4.29,0.38,0.22,138.07,0.34,19.69,16.65,1.26,112.46,6.23,0.00
90003,8.17,0.97,0.91,3.15,0.41,0.26,134.30,0.85,28.82,9.28,1.26,70.03,5.27,0.00
9002,1.49,0.56,1.48,2.08,0.62,0.58,137.38,0.33,4.15,2.87,1.38,10.00,8.52,0.00
9003,1.36,0.53,1.26,2.08,0.58,0.52,136.00,0.29,4.00,5.73,1.45,13.75,7.62,0.00
9004,1.51,0.53,1.45,1.75,0.71,0.71,145.86,0.44,3.64,1.05,1.52,0.00,0.00,0.00
9005,1.99,0.64,1.08,1.72,0.56,0.49,148.50,0.54,6.11,6.00,1.36,0.73,4.22,0.00
92001,7.18,0.91,1.06,2.16,0.64,0.62,138.61,1.07,17.54,0.00,0.00,29.15,11.48,0.00
93001,6.65,0.91,0.89,3.42,0.41,0.26,133.84,0.65,22.85,8.75,1.32,80.12,6.95,0.00
94001,5.81,0.88,1.03,2.32,0.64,0.64,131.19,1.10,14.59,0.02,1.00,21.19,11.35,0.00
95001,5.18,0.86,1.14,2.02,0.67,0.66,137.30,1.17,12.41,0.00,0.00,13.70,8.72,0.00
96001,2.22,0.68,1.05,3.65,0.41,0.28,118.77,0.14,8.50,14.87,1.43,102.10,10.24,0.00
96002,2.88,0.72,1.37,3.07,0.52,0.42,124.48,0.25,9.14,2.78,1.47,67.96,13.93,0.00
96004,5.98,0.94,0.83,3.77,0.37,0.20,133.77,0.37,22.06,12.75,1.24,99.27,5.34,0.00
97002,1.87,0.62,1.18,2.61,0.53,0.46,117.25,0.14,6.19,6.13,1.46,55.43,21.15,0.00
