gauge_id,inter_high_perc,inter_mod_perc,inter_low_perc,frac_high_perc,frac_mod_perc,frac_low_perc,no_gw_perc,low_nsig_perc,nsig_low_perc
10002,0.00,18.51,0.00,0.00,0.00,23.59,57.81,0.00,0.08
10003,0.00,13.13,0.00,0.00,0.00,23.09,63.66,0.00,0.12
1001,0.00,10.19,0.00,0.00,2.25,0.00,87.56,0.00,0.00
101002,45.27,31.08,0.08,4.28,0.00,0.00,19.29,0.00,0.00
101005,28.84,43.99,0.00,8.92,0.00,0.00,18.25,0.00,0.00
102001,0.00,11.28,0.00,0.00,0.00,1.94,86.78,0.00,0.00
106001,0.00,0.00,0.00,0.00,0.00,4.65,95.35,0.00,0.00
107001,0.00,9.64,0.00,0.00,4.60,0.00,85.75,0.00,0.00
11001,0.00,18.26,0.00,0.00,0.00,19.30,62.43,0.00,0.01
11003,0.00,15.17,0.00,0.00,0.00,27.28,57.55,0.00,0.00
11004,0.00,15.24,0.00,0.00,0.00,12.68,71.99,0.00,0.08
12001,0.00,14.64,0.00,0.00,0.00,31.95,53.41,0.00,0.00
12002,0.00,15.37,0.00,0.00,0.00,30.47,54.17,0.00,0.00
12005,0.00,5.90,0.00,0.00,0.00,28.02,66.08,0.00,0.00
12006,0.00,10.72,0.00,0.00,0.00,36.95,52.33,0.00,0.00
12007,0.00,9.45,0.00,0.00,0.00,38.92,51.63,0.00,0.00
12008,0.00,14.42,0.00,0.00,0.00,30.96,54.61,0.00,0.00
12009,0.00,8.00,0.00,0.00,0.00,10.64,81.36,0.00,0.00
13001,0.00,22.77,0.00,0.00,7.74,17.41,52.08,0.00,0.00
13004,0.00,14.87,0.00,0.00,0.00,36.25,48.88,0.00,0.00
13005,0.00,25.46,0.00,0.00,0.79,0.75,72.99,0.00,0.00
13007,0.00,19.14,0.00,0.00,1.66,17.63,61.57,0.00,0.00
13008,0.00,31.62,0.00,0.00,1.08,23.06,44.24,0.00,0.00
14001,1.41,28.65,0.00,0.00,3.54,5.55,59.70,1.15,0.00
14002,0.00,19.17,0.00,0.00,1.52,0.93,78.38,0.00,0.00
14005,0.00,28.16,0.00,0.00,0.00,7.72,63.93,0.19,0.00
15006,0.00,13.02,0.00,0.00,0.49,27.80,58.69,0.00,0.00
15007,0.00,6.67,0.00,0.00,0.00,37.67,55.66,0.00,0.00
15010,0.00,21.36,0.00,0.00,3.41,16.13,59.11,0.00,0.00
15011,0.00,6.04,0.00,0.00,0.00,41.28,52.68,0.00,0.00
15012,0.00,5.62,0.00,0.00,0.00,32.46,61.91,0.00,0.00
15013,0.00,18.57,0.00,0.00,1.55,35.85,44.03,0.00,0.00
15014,0.00,7.07,0.00,0.00,0.00,27.42,65.50,0.00,0.00
15016,0.00,5.08,0.00,0.00,0.00,38.21,56.71,0.00,0.00
15021,0.00,30.47,0.00,0.00,0.85,24.79,43.89,0.00,0.00
15023,0.00,9.12,0.00,0.00,0.00,32.20,58.68,0.00,0.00
15024,0.00,7.27,0.00,0.00,0.00,37.07,55.66,0.00,0.00
15025,0.00,13.88,0.00,0.00,0.00,20.52,65.60,0.00,0.00
15030,0.00,39.09,0.00,0.00,3.76,1.42,55.72,0.00,0.00
15039,0.00,4.69,0.00,0.00,0.00,41.67,53.64,0.00,0.00
16001,0.00,14.15,0.00,0.00,4.48,21.51,59.87,0.00,0.00
16003,0.00,4.93,0.00,0.00,5.86,13.72,75.48,0.00,0.00
16004,0.00,17.77,0.00,0.00,4.85,19.35,58.03,0.00,0.00
17001,0.00,12.31,0.00,0.00,0.18,8.83,78.65,0.03,0.00
17003,0.00,21.85,0.00,0.00,0.53,0.43,76.65,0.54,0.00
17004,0.00,17.84,0.00,0.00,1.19,2.16,78.82,0.00,0.00
17005,0.00,21.24,0.00,0.00,0.27,0.45,76.97,0.35,0.73
17015,0.00,26.53,0.00,0.00,3.25,34.69,35.53,0.00,0.00
17018,15.65,12.98,0.00,0.00,0.04,2.15,69.19,0.00,0.00
18001,0.00,31.49,0.00,0.00,5.44,4.25,58.83,0.00,0.00
18002,0.00,22.14,0.00,0.00,7.43,21.39,46.12,2.92,0.00
18003,0.00,9.76,0.00,0.00,2.52,44.20,43.52,0.00,0.00
18008,0.00,6.52,0.00,0.00,0.00,50.45,43.03,0.00,0.00
18010,0.00,6.82,0.00,0.00,6.88,24.65,48.45,13.20,0.00
18011,0.00,10.05,0.00,0.00,3.88,32.28,45.81,7.98,0.00
18014,0.00,17.86,0.00,0.00,0.98,10.08,69.24,1.85,0.00
18017,0.00,0.00,0.00,0.00,0.00,97.73,2.27,0.00,0.00
18018,0.00,0.00,0.00,0.00,0.00,64.27,35.73,0.00,0.00
19001,0.00,24.12,0.00,0.00,0.56,0.34,74.98,0.00,0.00
19006,0.00,30.73,0.00,0.00,3.18,1.60,64.48,0.00,0.00
19010,0.00,12.28,0.00,0.00,0.00,18.75,68.98,0.00,0.00
19017,0.00,43.74,0.00,0.00,0.04,0.15,56.07,0.00,0.00
19020,0.00,5.76,0.00,0.00,0.00,0.00,94.24,0.00,0.00
20002,0.00,21.32,0.00,0.00,0.00,0.20,59.67,18.81,0.00
20003,0.00,30.92,0.00,0.00,1.85,4.88,62.35,0.00,0.00
20007,0.00,46.20,0.00,0.00,0.03,18.87,34.90,0.00,0.00
2001,0.00,9.86,0.00,0.00,1.01,3.27,85.86,0.00,0.00
2002,0.00,8.81,0.00,0.00,0.78,3.39,86.95,0.06,0.00
21003,0.00,20.51,0.00,0.00,1.22,27.15,51.12,0.00,0.00
21006,0.00,17.04,0.00,0.00,0.57,29.94,52.46,0.00,0.00
21008,0.00,16.27,0.00,0.00,2.00,13.18,68.55,0.00,0.00
21009,0.00,19.40,0.00,0.00,1.12,20.78,58.69,0.00,0.00
21011,0.00,10.79,0.00,0.00,0.00,27.44,61.77,0.00,0.00
21012,0.00,15.80,0.00,0.00,0.00,11.03,73.18,0.00,0.00
21013,0.00,14.40,0.00,0.00,0.00,33.21,52.40,0.00,0.00
21015,0.00,17.72,0.00,0.00,2.35,26.35,53.58,0.00,0.00
21016,0.00,27.97,0.00,0.00,1.73,7.43,62.86,0.00,0.00
21017,0.00,6.27,0.00,0.00,0.00,22.32,71.41,0.00,0.00
21018,0.00,26.95,0.00,0.00,4.35,12.64,56.06,0.00,0.00
21022,0.00,25.86,0.00,0.00,5.98,23.81,44.35,0.00,0.00
21023,0.00,4.62,0.00,0.00,0.00,1.02,94.36,0.00,0.00
21024,0.00,13.32,0.00,0.00,10.27,8.74,67.67,0.00,0.00
21026,0.00,16.28,0.00,0.00,0.00,16.63,67.09,0.00,0.00
21027,0.00,17.47,0.00,0.00,0.66,4.64,77.24,0.00,0.00
22001,0.00,22.42,0.00,0.00,6.31,12.93,58.34,0.00,0.00
22006,0.00,18.90,0.00,0.00,1.89,0.00,78.45,0.00,0.76
22007,0.00,17.34,0.00,0.00,3.01,0.00,79.66,0.00,0.00
22009,0.00,20.12,0.00,0.00,9.13,21.61,49.14,0.00,0.00
23001,0.00,11.30,0.00,0.00,14.08,0.20,74.42,0.00,0.00
23004,0.00,8.56,0.00,0.00,20.70,0.09,70.65,0.00,0.00
23006,0.00,7.39,0.00,0.00,20.02,0.21,72.38,0.00,0.00
23007,0.00,9.58,0.00,0.00,28.70,0.00,61.72,0.00,0.00
23008,0.00,10.06,0.00,0.00,15.42,1.05,73.46,0.00,0.00
23011,0.00,18.09,0.00,0.00,9.66,0.00,72.25,0.00,0.00
23016,0.00,14.29,0.00,0.00,0.00,0.00,85.71,0.00,0.00
24001,0.00,9.11,0.00,0.22,32.99,0.00,57.68,0.00,0.00
24003,0.00,5.86,0.00,0.00,44.53,0.00,49.62,0.00,0.00
24004,0.00,6.18,0.00,0.00,49.75,0.00,44.07,0.00,0.00
24005,0.00,10.32,0.00,0.00,33.03,0.00,56.66,0.00,0.00
25001,0.00,10.95,0.00,0.00,5.95,0.40,82.62,0.00,0.09
25003,0.00,0.00,0.00,0.00,0.68,0.00,99.32,0.00,0.00
25006,0.00,6.96,0.00,0.00,2.56,0.00,90.47,0.00,0.00
25012,0.00,7.96,0.00,0.00,6.90,0.00,85.14,0.00,0.00
25020,0.00,24.43,0.00,3.56,0.02,0.00,71.98,0.00,0.00
25021,0.00,35.18,0.00,6.01,0.00,0.00,58.80,0.00,0.00
25029,0.00,33.38,0.00,0.00,0.00,0.00,65.88,0.00,0.74
26003,0.00,11.25,0.00,69.26,0.00,0.00,19.49,0.00,0.00
26005,0.00,1.31,0.00,91.40,0.00,0.00,7.29,0.00,0.00
26006,0.00,12.31,0.00,36.14,0.00,0.00,51.55,0.00,0.00
26008,0.00,8.67,12.20,54.18,7.04,0.00,13.11,0.00,4.80
26009,0.00,10.48,0.00,76.48,0.00,0.00,13.04,0.00,0.00
27001,0.00,12.38,0.00,0.78,38.21,0.00,44.72,0.00,3.91
27002,0.00,10.93,0.00,0.98,38.03,0.00,50.07,0.00,0.00
27003,0.00,13.21,0.00,1.10,55.57,0.02,30.03,0.00,0.07
27006,0.00,7.73,0.00,0.00,77.93,0.00,14.34,0.00,0.00
27007,0.00,16.45,0.00,0.05,23.18,0.00,59.42,0.00,0.90
27009,0.00,20.41,0.51,0.29,15.79,0.00,51.35,0.00,11.65
27021,0.00,11.09,0.00,1.57,82.15,0.00,5.19,0.00,0.00
27023,0.00,9.20,0.00,0.00,90.50,0.00,0.30,0.00,0.00
27025,0.00,10.32,0.00,1.45,86.77,0.00,1.45,0.00,0.00
27026,0.00,8.46,0.00,0.00,89.19,0.00,2.34,0.00,0.00
27029,0.00,6.30,0.00,0.00,71.75,0.00,21.94,0.00,0.00
27030,0.00,13.02,0.00,0.03,84.86,0.00,2.08,0.00,0.00
27032,0.00,0.00,0.00,0.00,25.46,0.00,74.54,0.00,0.00
27034,0.00,11.96,0.00,0.00,25.01,0.00,63.03,0.00,0.00
27035,0.00,18.54,0.00,0.00,19.07,0.11,62.28,0.00,0.00
27038,0.00,4.37,0.00,0.00,68.20,0.00,27.43,0.00,0.00
27041,0.00,31.56,0.07,3.44,24.77,0.48,38.66,0.00,1.01
27042,0.00,32.07,0.00,0.00,16.03,0.00,51.90,0.00,0.00
27043,0.00,9.60,0.00,0.00,40.14,0.00,50.27,0.00,0.00
27047,0.00,9.63,0.00,0.00,42.25,0.00,48.12,0.00,0.00
27049,0.00,28.84,0.48,0.00,38.21,0.00,32.47,0.00,0.00
27051,0.00,10.37,0.00,0.00,21.29,0.00,68.35,0.00,0.00
27062,0.00,13.10,0.00,0.74,36.05,0.00,44.87,0.00,5.24
27064,0.00,9.07,0.00,16.45,74.14,0.00,0.25,0.00,0.09
27065,0.00,5.23,0.00,0.00,83.21,0.00,11.56,0.00,0.00
27071,0.00,25.91,0.02,0.39,8.59,0.00,56.39,0.00,8.71
27073,0.00,0.00,0.00,0.00,56.24,0.00,43.76,0.00,0.00
27077,0.00,9.00,0.00,0.00,27.39,0.00,63.60,0.00,0.00
27079,0.00,10.56,0.00,0.01,77.07,0.00,12.36,0.00,0.00
27080,0.00,13.60,0.00,0.00,33.68,0.04,52.69,0.00,0.00
27084,0.00,6.74,0.00,0.00,14.18,0.00,79.08,0.00,0.00
27087,0.00,30.36,0.00,7.12,27.23,0.00,35.30,0.00,0.00
27089,0.00,11.68,0.00,3.75,35.99,0.00,48.59,0.00,0.00
27090,0.00,11.37,0.00,0.00,21.93,0.00,66.01,0.00,0.69
28001,0.00,2.89,0.00,0.00,45.34,0.00,51.77,0.00,0.00
28003,5.04,44.46,0.00,0.00,14.74,8.50,26.75,0.00,0.51
28008,3.26,11.48,0.00,0.00,70.52,2.53,12.20,0.00,0.00
28009,6.56,30.12,0.04,0.70,21.50,12.54,27.64,0.00,0.90
28012,12.86,27.48,0.00,0.00,3.88,17.24,38.54,0.00,0.00
28015,42.84,19.66,0.00,19.63,0.61,10.35,6.91,0.00,0.00
28018,5.79,18.79,0.00,0.00,43.98,9.69,21.75,0.00,0.00
28022,6.64,30.45,0.04,0.69,19.55,14.22,27.58,0.00,0.81
28023,0.00,6.60,0.00,0.00,78.07,11.73,3.60,0.00,0.00
28024,0.00,26.96,0.00,2.88,0.00,0.32,69.84,0.00,0.00
28026,1.76,46.70,0.00,0.00,6.54,17.35,18.77,0.00,8.89
28031,0.00,10.49,0.00,0.00,84.36,0.00,5.15,0.00,0.00
28033,0.00,0.00,0.00,0.00,88.37,0.00,11.63,0.00,0.00
28039,3.76,29.60,0.00,0.00,15.04,18.25,31.82,0.00,1.54
28040,0.70,13.43,0.00,0.00,11.61,0.00,74.26,0.00,0.00
28043,0.00,7.06,0.00,0.00,67.42,0.07,25.45,0.00,0.00
28044,12.26,9.36,0.00,68.23,0.01,0.00,10.14,0.00,0.00
28046,0.00,3.66,0.00,0.00,92.89,0.00,3.46,0.00,0.00
28048,0.00,12.04,0.00,0.54,80.86,0.05,6.50,0.00,0.00
28050,8.86,36.38,0.00,28.83,0.43,0.00,25.35,0.00,0.15
28052,25.09,24.45,0.00,0.00,1.89,41.63,6.95,0.00,0.00
28055,3.34,11.51,0.00,0.00,66.77,0.06,18.31,0.00,0.00
28056,0.00,34.68,0.00,0.00,0.00,12.86,52.46,0.00,0.00
28060,57.81,9.82,0.00,0.00,0.00,32.31,0.06,0.00,0.00
28066,0.00,58.96,0.00,0.00,0.00,15.43,25.61,0.00,0.00
28067,1.05,12.24,0.00,0.06,66.48,6.53,13.65,0.00,0.00
28072,31.98,12.93,0.00,0.00,0.00,54.60,0.49,0.00,0.00
28074,0.29,35.28,0.00,0.92,0.16,8.38,53.59,0.00,1.38
28080,2.60,48.32,0.00,0.00,13.08,10.49,24.44,0.00,1.07
28081,0.29,24.01,0.00,0.00,22.52,8.25,44.39,0.00,0.54
28082,0.00,51.09,0.00,0.00,0.00,5.60,35.50,0.00,7.80
28085,0.38,9.40,0.00,0.07,73.47,3.01,13.67,0.00,0.00
28091,23.36,12.01,0.00,30.71,19.79,0.00,14.13,0.00,0.00
28093,0.00,34.65,0.00,1.08,0.00,4.95,57.74,0.00,1.58
28115,32.80,9.89,0.00,37.92,0.00,0.00,19.39,0.00,0.00
28116,68.42,10.49,0.00,7.43,0.00,9.40,4.26,0.00,0.00
28117,0.00,7.20,0.00,0.00,74.06,3.91,14.83,0.00,0.00
29002,5.88,15.02,0.00,53.52,0.00,0.00,25.58,0.00,0.00
29003,0.24,1.06,0.00,64.72,0.00,0.00,33.98,0.00,0.00
29005,2.56,13.91,35.11,5.37,0.00,0.00,43.05,0.00,0.00
29009,0.00,15.92,0.00,30.58,21.99,0.00,31.50,0.00,0.00
30001,0.00,19.41,0.00,28.83,0.24,0.00,51.51,0.00,0.00
30004,1.48,48.92,0.00,1.02,0.00,0.00,48.59,0.00,0.00
30005,0.00,6.53,0.00,56.53,0.57,0.00,36.38,0.00,0.00
30011,3.58,22.72,0.00,21.40,0.00,0.00,52.30,0.00,0.00
30012,0.00,25.85,7.50,0.14,0.00,0.00,66.50,0.00,0.00
30014,0.00,24.67,0.00,0.00,2.33,0.00,73.00,0.00,0.00
30015,0.00,3.25,0.00,72.11,1.23,0.00,23.40,0.00,0.00
3003,0.00,5.75,0.00,0.00,0.21,12.17,81.88,0.00,0.00
31002,0.00,20.14,0.00,16.08,21.21,0.00,42.56,0.00,0.00
31006,0.00,15.85,0.00,32.63,5.06,0.00,46.46,0.00,0.00
31010,0.00,16.07,0.00,27.89,0.96,0.00,55.08,0.00,0.00
31021,0.00,24.57,0.00,0.00,0.39,0.00,75.04,0.00,0.00
31023,0.00,0.00,0.00,0.00,0.00,0.00,100.00,0.00,0.00
31025,0.00,40.93,0.00,0.05,0.00,0.00,59.03,0.00,0.00
32003,0.00,12.62,0.00,0.00,12.82,0.00,74.56,0.00,0.00
32004,0.00,21.02,0.00,0.00,30.58,0.00,48.40,0.00,0.00
32006,0.00,34.49,0.00,0.00,8.17,0.00,57.01,0.00,0.33
32008,0.00,47.14,0.00,0.00,2.19,0.00,50.67,0.00,0.00
33006,0.00,19.15,10.14,11.98,0.00,0.00,58.72,0.00,0.00
33007,0.00,28.71,0.00,26.04,0.00,0.00,45.24,0.00,0.00
33012,0.00,21.21,0.00,0.00,0.22,0.00,78.57,0.00,0.00
33013,0.00,23.59,3.16,5.58,0.00,0.00,67.67,0.00,0.00
33014,0.00,23.06,8.45,16.35,0.00,0.00,52.14,0.00,0.00
33018,0.00,22.99,0.00,0.00,9.44,0.00,67.57,0.00,0.00
33019,0.00,34.73,10.08,11.43,0.00,0.00,41.60,0.00,2.15
33020,0.00,14.68,0.00,0.00,0.00,0.00,85.32,0.00,0.00
33021,0.00,11.87,0.00,55.28,0.00,0.00,32.84,0.00,0.00
33022,9.89,29.56,0.00,17.54,0.00,0.00,43.01,0.00,0.00
33023,0.00,24.74,0.00,28.29,0.00,0.00,46.97,0.00,0.00
33024,0.00,13.41,0.04,30.45,0.00,0.00,55.87,0.00,0.23
33026,3.28,27.97,0.00,5.09,4.41,0.00,59.15,0.00,0.11
33028,22.63,20.49,0.00,4.94,0.00,0.00,51.95,0.00,0.00
33029,0.00,4.65,0.00,57.07,0.00,0.00,38.29,0.00,0.00
33031,20.43,18.46,0.00,0.00,0.00,0.00,61.11,0.00,0.00
33032,0.06,24.53,0.00,25.89,0.00,0.00,49.52,0.00,0.00
33033,0.00,38.88,0.00,33.94,0.00,0.00,27.17,0.00,0.00
33034,0.00,30.10,9.64,11.08,0.00,0.00,47.85,0.00,1.33
33035,0.38,21.98,5.66,25.61,0.00,0.00,45.83,0.24,0.30
33039,1.72,28.92,0.00,2.16,6.78,0.00,60.25,0.00,0.17
33053,0.00,14.90,0.00,32.97,0.00,0.00,52.13,0.00,0.00
33054,0.78,22.72,0.00,38.48,0.00,0.00,38.02,0.00,0.00
33058,4.83,24.28,0.00,16.24,0.04,0.00,54.61,0.00,0.00
34002,0.00,14.34,0.00,0.00,0.00,0.00,85.66,0.00,0.00
34003,0.00,76.75,0.00,0.00,0.00,0.00,23.25,0.00,0.00
34004,0.00,44.83,0.00,1.00,0.00,0.00,54.18,0.00,0.00
34005,0.00,38.71,0.00,0.00,0.00,0.00,61.29,0.00,0.00
34006,0.00,14.54,0.00,0.00,0.00,0.00,85.39,0.00,0.07
34007,0.00,10.30,0.00,0.00,0.00,0.00,89.70,0.00,0.00
34008,0.00,92.64,0.00,0.00,0.00,0.00,7.36,0.00,0.00
34010,0.00,18.00,0.00,0.00,0.00,0.00,81.82,0.00,0.18
34011,0.00,29.80,0.00,2.70,0.00,0.00,67.50,0.00,0.00
34012,0.00,28.93,0.00,10.48,0.00,0.00,60.59,0.00,0.00
35003,0.00,19.71,0.00,0.00,0.00,0.00,80.29,0.00,0.00
35008,0.00,17.12,0.00,0.00,0.00,0.00,82.88,0.00,0.00
36003,0.00,35.81,0.57,0.00,0.00,0.00,63.62,0.00,0.00
36006,0.00,27.08,1.06,0.16,0.00,0.00,71.70,0.00,0.00
36009,0.00,24.14,0.00,0.00,0.00,0.00,75.86,0.00,0.00
36010,0.00,3.76,0.00,0.00,0.00,0.00,96.24,0.00,0.00
36011,0.00,8.74,0.00,0.00,0.00,0.00,91.26,0.00,0.00
36012,0.00,10.33,0.00,0.00,0.00,0.00,89.67,0.00,0.00
37001,0.00,19.62,0.00,0.00,0.00,0.00,80.02,0.00,0.36
37003,0.00,29.31,1.95,0.00,0.00,0.00,68.74,0.00,0.00
37005,0.00,34.61,3.06,0.00,0.00,0.00,62.33,0.00,0.00
37008,0.00,20.30,0.00,0.00,0.00,0.00,79.70,0.00,0.00
37009,0.00,31.96,0.00,0.00,0.00,0.00,68.04,0.00,0.00
37010,0.00,32.00,0.00,0.00,0.00,0.00,68.00,0.00,0.00
37011,0.00,19.78,0.00,0.00,0.00,0.00,80.22,0.00,0.00
37018,0.00,33.91,0.00,0.00,0.00,0.00,66.09,0.00,0.00
37019,0.00,49.91,0.00,0.00,0.00,0.00,50.09,0.00,0.00
37020,0.00,21.11,0.00,0.00,0.00,0.00,78.89,0.00,0.00
37031,0.00,11.61,0.00,0.00,0.00,0.00,88.39,0.00,0.00
37033,0.00,44.43,11.68,0.00,0.00,0.00,43.89,0.00,0.00
38001,0.00,30.11,0.57,9.30,0.00,0.00,59.91,0.00,0.11
38003,0.00,27.56,0.23,19.06,0.00,0.00,53.16,0.00,0.00
38004,0.00,21.22,0.29,0.85,0.00,0.00,76.80,0.00,0.84
38007,0.00,18.51,0.00,0.00,0.00,0.00,81.49,0.00,0.00
38012,0.00,42.87,0.00,4.43,0.00,0.00,52.71,0.00,0.00
38014,0.00,57.66,0.00,0.00,0.00,0.00,42.34,0.00,0.00
38017,0.00,24.93,0.00,26.14,0.00,0.00,48.93,0.00,0.00
38018,0.00,36.51,1.94,31.57,0.00,0.00,29.98,0.00,0.00
38021,0.00,55.58,10.41,0.00,0.00,0.00,34.01,0.00,0.00
38026,0.00,7.33,0.00,0.00,0.00,0.00,92.67,0.00,0.00
38029,0.00,16.05,0.00,0.88,0.00,0.00,80.79,0.00,2.28
38030,0.00,39.22,0.01,7.85,0.00,0.00,52.91,0.00,0.00
39001,3.51,34.80,2.01,23.47,5.78,0.00,30.39,0.00,0.05
39002,0.64,28.56,0.00,26.43,14.55,0.00,29.69,0.00,0.14
39004,0.00,7.73,1.42,43.24,0.00,0.00,47.61,0.00,0.00
39005,0.00,35.28,2.05,16.52,0.00,0.00,46.15,0.00,0.00
39006,0.00,19.49,0.00,70.00,0.00,0.00,10.51,0.00,0.00
39007,1.05,67.15,1.95,13.62,0.00,0.00,16.23,0.00,0.00
39008,0.34,26.94,0.00,50.32,3.74,0.00,18.66,0.00,0.00
39010,0.00,29.93,4.63,17.91,0.00,0.00,47.53,0.00,0.00
39011,28.51,20.81,0.43,15.44,0.00,0.00,34.81,0.00,0.00
39012,0.00,21.43,2.61,32.44,0.00,0.00,43.52,0.00,0.00
39014,0.00,18.97,1.76,15.30,0.00,0.00,63.97,0.00,0.00
39015,0.00,7.21,1.85,65.55,0.00,0.00,25.39,0.00,0.00
39016,0.00,23.93,4.80,45.03,0.00,0.00,26.24,0.00,0.00
39017,0.00,24.12,0.00,0.00,2.04,0.00,73.84,0.00,0.00
39019,0.00,8.60,1.91,67.23,0.00,0.00,22.26,0.00,0.00
39020,0.00,13.99,0.00,83.19,0.00,0.00,2.82,0.00,0.00
39021,0.00,14.02,0.00,0.00,16.01,0.00,69.97,0.00,0.00
39022,0.00,15.45,3.29,38.67,0.00,0.00,42.59,0.00,0.00
39023,0.00,14.52,1.11,40.59,0.00,0.00,43.77,0.00,0.00
39025,0.00,45.58,3.64,15.66,0.00,0.00,35.13,0.00,0.00
39027,0.00,18.48,12.29,44.36,0.00,0.00,24.87,0.00,0.00
39028,0.00,15.95,9.33,34.00,0.00,0.00,40.72,0.00,0.00
39029,69.90,15.85,0.00,5.84,0.00,0.00,8.41,0.00,0.00
39034,0.00,22.89,0.00,11.73,41.04,0.00,23.21,0.00,1.13
39035,0.00,16.16,0.00,82.71,0.00,0.00,1.14,0.00,0.00
39036,94.30,5.70,0.00,0.00,0.00,0.00,0.00,0.00,0.00
39037,0.00,13.26,0.00,74.18,0.00,0.00,12.57,0.00,0.00
39042,0.00,14.36,0.00,84.94,0.00,0.00,0.70,0.00,0.00
39049,0.00,12.52,0.00,0.00,0.00,0.00,87.48,0.00,0.00
39052,0.00,54.77,0.00,0.00,0.00,0.00,45.23,0.00,0.00
39054,0.00,42.81,0.00,0.00,0.00,0.00,57.19,0.00,0.00
39056,0.00,11.83,3.44,14.56,0.00,0.00,70.17,0.00,0.00
39061,0.00,2.18,0.00,97.82,0.00,0.00,0.00,0.00,0.00
39065,0.00,0.96,0.00,85.68,0.00,0.00,13.36,0.00,0.00
39069,0.00,57.93,0.00,0.00,0.00,0.00,42.07,0.00,0.00
39072,0.38,32.53,1.76,27.94,8.05,0.00,29.27,0.00,0.07
39078,0.27,16.62,0.49,30.13,0.00,0.00,52.48,0.00,0.00
39081,3.55,42.23,0.00,10.28,22.59,0.00,21.35,0.00,0.00
39087,1.34,12.81,0.00,4.09,19.17,0.00,62.59,0.00,0.00
39088,0.00,9.78,0.41,24.42,0.00,0.00,65.39,0.00,0.00
39095,0.00,13.46,18.51,0.00,0.00,0.00,68.03,0.00,0.00
39099,0.00,4.38,0.00,95.62,0.00,0.00,0.00,0.00,0.00
39101,0.00,2.58,0.00,71.20,0.00,0.00,26.22,0.00,0.00
39105,0.17,30.26,0.00,13.10,10.80,0.00,45.67,0.00,0.00
39108,0.00,12.99,0.00,86.97,0.00,0.00,0.04,0.00,0.00
39114,0.00,6.21,2.96,71.49,0.00,0.00,19.34,0.00,0.00
39120,0.00,5.74,0.00,30.12,0.00,0.00,64.14,0.00,0.00
39125,0.00,4.40,0.00,17.09,0.00,0.00,78.51,0.00,0.00
39127,0.00,4.68,0.00,44.82,0.00,0.00,50.49,0.00,0.00
39141,41.34,20.17,0.24,9.95,0.00,0.00,28.29,0.00,0.00
39142,0.00,18.75,0.00,81.19,0.00,0.00,0.06,0.00,0.00
39143,0.00,13.20,0.00,74.62,0.00,0.00,12.19,0.00,0.00
39144,0.00,10.36,0.00,0.00,5.56,0.00,84.08,0.00,0.00
40003,7.48,53.31,0.04,0.52,0.00,0.00,38.64,0.00,0.00
40004,0.00,57.06,0.00,0.00,3.32,0.00,39.62,0.00,0.00
40005,5.46,29.50,0.00,0.00,0.00,0.00,65.05,0.00,0.00
40006,51.19,12.18,0.00,6.51,0.00,0.00,30.12,0.00,0.00
40007,0.00,79.93,0.00,0.00,0.00,0.00,20.07,0.00,0.00
40009,0.00,76.24,0.00,0.00,0.00,0.00,23.76,0.00,0.00
40010,10.22,39.40,0.00,1.49,0.00,0.00,48.89,0.00,0.00
40011,15.29,19.58,8.64,23.56,0.00,0.00,32.92,0.00,0.00
40012,28.01,18.17,0.52,30.82,0.00,0.00,22.48,0.00,0.00
40013,53.44,12.99,0.00,13.84,0.00,0.00,19.73,0.00,0.00
40016,0.00,20.40,9.39,21.73,0.00,0.00,48.48,0.00,0.00
40017,0.00,75.66,0.00,0.00,17.39,0.00,6.95,0.00,0.00
40018,42.92,13.92,0.25,20.60,0.00,0.00,22.31,0.00,0.00
4001,0.00,8.16,0.00,0.00,0.20,21.75,69.76,0.12,0.00
40020,0.00,80.33,0.00,0.00,0.00,0.00,19.67,0.00,0.00
40021,0.00,65.89,0.00,0.00,0.00,0.00,34.11,0.00,0.00
40022,34.17,24.01,4.70,17.53,0.00,0.00,19.59,0.00,0.00
40033,0.00,3.63,12.38,30.02,0.00,0.00,53.96,0.00,0.00
4003,0.00,5.59,0.00,0.00,3.60,7.90,82.91,0.00,0.00
4005,0.00,7.83,0.00,0.00,0.00,33.26,58.91,0.00,0.00
4006,0.00,7.92,0.00,0.00,0.00,10.78,81.29,0.00,0.00
41001,0.00,55.85,0.00,0.00,0.00,0.00,44.15,0.00,0.00
41003,3.76,53.58,0.00,1.41,0.00,0.00,41.25,0.00,0.00
41004,1.14,72.14,0.00,0.92,0.00,0.00,25.81,0.00,0.00
41005,0.00,87.47,0.00,0.00,0.00,0.00,12.53,0.00,0.00
41006,0.00,67.15,0.00,0.00,0.00,0.00,32.85,0.00,0.00
41009,32.54,36.26,0.00,8.71,0.00,0.00,22.49,0.00,0.00
41011,30.56,36.23,0.00,11.48,0.00,0.00,21.74,0.00,0.00
41012,4.83,50.80,0.00,4.15,0.00,0.00,40.22,0.00,0.00
41013,0.00,62.02,0.00,0.00,0.00,0.00,37.98,0.00,0.00
41014,4.15,40.87,0.00,0.00,0.00,0.00,54.98,0.00,0.00
41016,0.00,86.50,0.00,0.00,0.00,0.00,13.50,0.00,0.00
41019,2.57,47.87,0.00,0.00,0.00,0.00,49.55,0.00,0.00
41020,12.55,19.18,0.00,10.33,0.00,0.00,57.94,0.00,0.00
41022,22.54,37.49,0.00,0.00,0.00,0.00,39.97,0.00,0.00
41023,0.00,7.25,0.10,91.72,0.00,0.00,0.93,0.00,0.00
41025,11.53,26.93,0.00,0.00,0.00,0.00,61.54,0.00,0.00
41027,34.01,30.00,0.00,11.18,0.00,0.00,24.81,0.00,0.00
41028,23.93,31.32,0.00,9.78,0.00,0.00,34.97,0.00,0.00
41029,0.00,74.51,0.00,0.00,0.00,0.00,25.49,0.00,0.00
42001,0.00,8.98,12.26,42.67,0.00,0.00,36.08,0.00,0.00
42003,0.00,88.25,10.92,0.00,0.00,0.00,0.83,0.00,0.00
42004,0.00,12.50,1.83,66.22,0.00,0.00,19.44,0.00,0.00
42006,0.00,12.17,1.58,71.64,0.00,0.00,14.61,0.00,0.00
42008,0.00,5.19,0.00,58.47,0.00,0.00,36.35,0.00,0.00
42010,0.00,7.73,0.30,67.32,0.00,0.00,24.64,0.00,0.00
42011,0.00,10.69,6.08,48.34,0.00,0.00,34.89,0.00,0.00
42016,0.00,6.18,0.00,64.19,0.00,0.00,29.64,0.00,0.00
42017,0.00,3.53,17.29,0.00,0.00,0.00,79.19,0.00,0.00
42024,0.00,9.64,0.80,70.64,0.00,0.00,18.93,0.00,0.00
42026,0.00,6.32,0.00,93.55,0.00,0.00,0.13,0.00,0.00
42027,0.00,5.72,3.12,77.61,0.00,0.00,13.56,0.00,0.00
43005,0.00,28.59,0.00,68.13,0.00,0.00,3.28,0.00,0.00
43006,0.00,34.35,0.00,36.55,9.87,0.00,19.24,0.00,0.00
43007,0.22,30.87,0.16,27.16,11.57,0.00,30.02,0.00,0.00
43008,0.00,16.99,0.00,79.02,0.00,0.00,3.99,0.00,0.00
43009,0.11,35.53,0.00,4.23,23.69,0.00,36.44,0.00,0.00
43014,0.00,61.63,0.00,34.80,0.00,0.00,3.57,0.00,0.00
43017,0.00,36.52,0.00,55.89,0.00,0.00,7.60,0.00,0.00
43018,0.00,8.73,1.02,60.93,0.00,0.00,29.32,0.00,0.00
43021,0.00,29.70,0.80,62.35,1.24,0.00,5.90,0.00,0.00
44001,0.00,42.77,0.00,21.16,1.59,0.00,34.47,0.00,0.00
44002,0.00,28.02,0.00,41.25,0.00,0.00,30.73,0.00,0.00
44006,0.00,5.95,0.00,52.30,0.00,0.00,41.75,0.00,0.00
44009,0.00,15.10,0.00,0.00,72.59,0.00,12.30,0.00,0.00
44011,0.00,22.37,0.00,11.04,29.14,0.00,37.46,0.00,0.00
45001,0.00,19.95,0.00,0.00,2.37,76.80,0.88,0.00,0.00
45003,9.76,34.54,0.00,0.00,1.43,18.32,35.95,0.00,0.00
45004,0.00,40.17,0.00,2.04,3.29,14.69,39.82,0.00,0.00
45005,17.43,24.14,0.00,0.00,0.00,32.97,25.46,0.00,0.00
45009,0.00,6.05,0.00,0.00,0.00,93.62,0.33,0.00,0.00
45012,0.00,43.83,0.00,0.00,0.00,56.12,0.05,0.00,0.00
46003,0.00,23.16,0.00,0.00,0.00,62.13,14.71,0.00,0.00
46005,0.00,18.07,0.00,0.00,0.00,35.10,46.83,0.00,0.00
46008,0.00,23.12,0.00,0.00,1.22,71.14,4.52,0.00,0.00
46014,0.00,22.78,0.35,0.00,0.00,71.46,5.41,0.00,0.00
47001,0.00,24.14,0.00,0.00,0.00,75.16,0.70,0.00,0.00
47004,0.00,13.17,0.00,0.00,0.00,83.47,3.36,0.00,0.00
47005,0.00,29.91,0.00,0.00,0.00,70.09,0.00,0.00,0.00
47008,0.00,25.26,0.00,0.00,0.00,74.74,0.00,0.00,0.00
47009,0.00,23.33,0.00,0.00,0.00,76.67,0.00,0.00,0.00
47011,0.00,24.25,0.00,0.00,0.00,74.03,1.72,0.00,0.00
47014,0.00,17.17,0.00,0.00,0.00,70.50,12.33,0.00,0.00
47018,0.00,25.17,0.00,0.00,0.00,74.83,0.00,0.00,0.00
48003,0.00,28.95,0.00,0.00,0.00,71.05,0.00,0.00,0.00
48004,0.00,6.17,0.00,0.00,0.00,65.52,28.31,0.00,0.00
48005,0.00,15.67,0.00,0.00,0.00,84.33,0.00,0.00,0.00
48011,0.00,10.35,0.00,0.00,0.00,80.31,9.34,0.00,0.00
49001,0.00,18.41,0.00,0.00,0.00,72.60,8.99,0.00,0.00
49002,0.00,21.48,0.00,0.00,0.00,78.52,0.00,0.00,0.00
49004,0.00,7.82,0.00,0.00,0.00,92.18,0.00,0.00,0.00
50001,0.00,17.72,0.00,0.00,0.01,81.21,1.06,0.00,0.00
50002,0.00,21.53,0.00,0.00,0.00,76.41,2.06,0.00,0.00
50006,0.00,12.65,0.00,0.00,0.00,87.13,0.22,0.00,0.00
50007,0.00,29.27,0.00,0.00,0.17,59.34,11.22,0.00,0.00
50008,0.00,20.72,0.00,0.00,0.00,79.28,0.00,0.00,0.00
50011,0.00,18.93,0.00,0.00,0.00,63.98,17.09,0.00,0.00
5003,0.00,3.72,0.00,0.00,0.00,35.68,60.59,0.00,0.00
51001,12.04,20.44,0.00,0.00,0.00,66.25,1.27,0.00,0.00
52004,0.00,37.39,0.00,0.94,0.00,0.00,61.66,0.00,0.00
52005,14.76,18.70,0.00,0.00,1.23,63.42,1.88,0.00,0.00
52006,0.00,19.43,0.00,13.45,34.85,0.00,32.26,0.00,0.00
52007,0.00,19.59,0.00,10.46,47.06,0.00,22.89,0.00,0.00
52009,0.00,13.91,0.00,2.54,27.81,25.76,29.96,0.03,0.00
52010,0.00,24.20,0.00,8.75,29.25,0.00,37.79,0.00,0.00
52011,0.00,28.05,0.00,0.15,0.00,15.16,56.64,0.00,0.00
52015,0.00,13.31,0.00,0.86,47.74,20.27,17.82,0.00,0.00
52016,9.25,7.31,0.00,0.00,0.00,83.44,0.00,0.00,0.00
53005,0.00,11.69,0.00,12.90,29.86,26.45,19.09,0.00,0.00
53006,0.00,17.69,0.00,1.56,31.59,27.30,21.86,0.00,0.00
53007,0.00,19.59,0.00,7.01,49.13,5.65,18.63,0.00,0.00
53008,0.00,12.61,0.00,68.37,0.11,0.00,18.91,0.00,0.00
53009,0.00,6.36,0.00,14.84,24.08,32.23,22.49,0.00,0.00
53013,6.16,10.14,0.00,16.23,25.09,0.00,42.39,0.00,0.00
53017,0.00,19.13,1.05,8.71,3.70,17.71,49.70,0.00,0.00
53018,1.46,17.64,0.62,31.10,17.30,3.43,28.44,0.00,0.00
53022,1.41,17.94,0.60,30.86,17.02,3.32,28.84,0.00,0.00
53023,0.00,12.02,0.00,87.94,0.00,0.00,0.04,0.00,0.00
53028,0.00,12.69,2.08,84.24,0.00,0.00,1.00,0.00,0.00
54001,4.64,25.59,0.00,0.00,5.67,20.16,42.67,0.00,1.28
54002,0.80,34.35,0.00,1.01,4.24,12.46,44.70,0.00,2.44
54003,0.00,0.00,0.00,0.00,0.00,66.69,33.31,0.00,0.00
54004,1.47,37.62,0.00,0.00,22.83,2.40,29.39,0.00,6.29
54005,0.57,18.71,0.00,0.00,0.49,30.66,48.17,0.00,1.40
54007,1.63,33.83,0.00,0.00,0.30,49.39,14.75,0.00,0.09
54008,0.00,18.49,0.00,0.00,4.78,57.51,19.22,0.00,0.00
54011,22.49,23.35,0.00,0.00,1.05,50.83,2.27,0.00,0.00
54012,14.01,37.44,0.00,0.00,5.72,5.86,34.60,0.00,2.37
54015,0.91,39.70,0.00,0.00,0.00,35.57,23.82,0.00,0.00
54016,4.01,46.11,0.00,0.00,0.58,6.98,40.87,0.00,1.45
54017,10.62,16.20,0.00,0.00,2.60,70.31,0.27,0.00,0.00
54018,0.00,21.04,0.00,0.00,0.05,28.72,46.47,0.00,3.72
54019,0.45,49.27,0.00,0.00,0.60,0.29,41.78,0.00,7.61
54020,1.50,42.60,0.00,0.00,0.00,0.33,55.57,0.00,0.00
54022,0.00,0.00,0.00,0.00,0.00,49.63,50.37,0.00,0.00
54024,19.27,32.24,0.00,0.00,5.85,2.12,40.41,0.00,0.11
54025,0.00,6.13,0.00,0.00,0.00,38.02,55.84,0.00,0.00
54027,0.00,13.08,0.00,71.37,0.00,0.00,15.55,0.00,0.00
54028,0.00,11.84,0.00,0.00,0.20,34.42,52.59,0.00,0.95
54029,0.00,17.89,0.00,0.00,6.16,61.33,14.62,0.00,0.00
54032,6.00,24.31,0.00,0.00,6.92,31.16,30.80,0.00,0.81
54034,0.00,9.40,0.00,0.00,70.75,19.86,0.00,0.00,0.00
54036,0.00,12.76,0.00,15.14,0.00,0.00,72.10,0.00,0.00
54038,0.00,12.61,0.00,0.00,0.58,40.67,46.13,0.00,0.00
54044,34.48,31.38,0.00,0.00,17.04,3.93,13.17,0.00,0.00
54048,0.00,17.17,0.00,0.00,0.00,4.78,78.05,0.00,0.00
54049,0.00,33.54,0.00,0.00,0.00,8.66,56.17,0.00,1.63
54052,0.00,62.22,0.00,0.00,0.00,7.73,30.05,0.00,0.00
54057,4.36,27.49,0.00,0.47,5.75,26.14,34.68,0.00,1.11
54060,15.24,38.04,0.00,0.00,0.00,2.32,44.41,0.00,0.00
54063,15.75,8.52,0.00,0.00,69.78,0.93,5.01,0.00,0.00
54080,0.00,6.45,0.00,0.00,0.00,54.54,39.01,0.00,0.00
54095,3.69,26.25,0.00,0.00,1.90,20.64,46.04,0.00,1.49
54096,40.39,16.77,0.00,0.00,0.00,42.85,0.00,0.00,0.00
55002,0.00,10.66,0.00,0.00,0.00,40.92,48.15,0.00,0.28
55007,0.00,8.93,0.00,0.00,0.00,38.17,52.90,0.00,0.00
55008,0.00,0.00,0.00,0.00,0.00,51.06,48.94,0.00,0.00
55013,0.00,11.28,0.00,0.00,0.21,40.29,48.22,0.00,0.00
55014,0.00,6.73,0.00,0.00,0.00,55.50,37.77,0.00,0.00
55016,0.00,8.63,0.00,0.00,0.00,38.29,53.08,0.00,0.00
55018,0.00,18.95,0.00,0.00,0.00,81.05,0.00,0.00,0.00
55021,0.00,15.19,0.00,0.00,1.62,53.01,30.19,0.00,0.00
55023,0.00,16.10,0.00,0.00,1.46,50.47,31.75,0.00,0.23
55025,0.00,5.96,0.00,0.00,0.00,53.60,36.48,0.00,3.97
55026,0.00,6.16,0.00,0.00,0.00,46.37,47.47,0.00,0.00
55029,0.00,15.64,0.00,0.00,0.00,74.48,9.58,0.00,0.29
55032,0.00,1.58,0.00,0.00,0.00,38.00,60.42,0.00,0.00
56001,0.00,13.54,0.00,0.00,3.98,51.13,31.21,0.00,0.14
56002,0.00,12.27,0.00,0.00,61.82,0.90,25.01,0.00,0.00
56007,0.00,12.68,0.00,0.00,0.00,46.16,41.15,0.00,0.00
56012,0.00,4.18,0.00,0.00,0.54,84.79,9.95,0.00,0.53
56013,0.00,9.79,0.00,0.00,0.00,61.78,28.43,0.00,0.00
57004,0.00,13.27,0.00,0.00,33.11,0.43,53.19,0.00,0.00
57005,0.00,12.98,0.00,0.00,32.92,7.38,46.72,0.00,0.00
57006,0.00,14.60,0.00,0.00,42.92,0.00,42.48,0.00,0.00
57007,0.00,10.38,0.00,0.00,24.59,16.97,48.06,0.00,0.00
57008,0.00,19.17,0.00,0.00,34.25,3.62,42.96,0.00,0.00
57009,0.00,19.61,0.00,0.00,8.69,0.39,70.79,0.00,0.52
58001,0.00,14.37,0.00,0.00,62.20,0.41,23.02,0.00,0.00
58002,0.00,8.27,0.00,0.00,22.17,12.69,56.87,0.00,0.00
58006,0.00,5.05,0.00,0.00,7.67,32.64,54.63,0.00,0.00
58008,0.00,8.30,0.00,0.00,40.43,0.00,51.27,0.00,0.00
58009,0.00,16.03,0.00,0.00,36.14,0.00,42.32,0.00,5.51
58010,0.00,1.26,0.00,0.00,1.43,41.56,55.76,0.00,0.00
58012,0.00,6.99,0.00,0.00,41.54,0.00,51.47,0.00,0.00
59001,0.00,11.80,0.00,0.00,34.96,8.44,44.80,0.00,0.00
60002,0.00,10.68,0.00,0.00,0.00,48.53,40.59,0.00,0.20
60003,0.00,15.83,0.00,0.00,0.00,80.05,4.13,0.00,0.00
60005,0.00,16.41,0.00,0.00,0.00,41.11,42.48,0.00,0.00
60006,0.00,7.90,0.00,0.00,0.00,71.44,18.59,0.00,2.07
60010,0.00,12.33,0.00,0.00,0.83,44.04,42.74,0.00,0.05
60012,0.00,9.05,0.00,0.00,0.00,10.82,80.13,0.00,0.00
6007,0.00,5.87,0.00,0.00,2.75,32.57,58.69,0.00,0.12
6008,0.00,5.69,0.00,0.00,0.00,29.77,64.54,0.00,0.00
61001,0.00,17.13,0.00,0.00,0.33,74.61,7.93,0.00,0.00
61002,0.00,17.41,0.00,0.00,0.00,80.51,2.08,0.00,0.00
62001,0.00,18.28,0.00,0.00,0.00,43.85,36.16,0.00,1.72
63001,0.00,7.60,0.00,0.00,0.00,31.85,60.56,0.00,0.00
63004,0.00,4.01,0.00,0.00,0.00,28.63,67.37,0.00,0.00
64001,0.00,9.25,0.00,0.00,0.00,64.39,26.36,0.00,0.00
64002,0.00,11.14,0.00,0.00,0.00,81.09,7.77,0.00,0.00
64006,0.00,15.63,0.00,0.00,0.00,54.01,30.36,0.00,0.00
65001,0.00,8.73,0.00,0.00,0.00,57.41,33.86,0.00,0.00
65004,0.00,9.82,0.00,0.00,0.00,26.41,63.77,0.00,0.00
65005,0.00,23.73,0.00,0.00,0.00,7.02,69.25,0.00,0.00
65006,0.00,16.93,0.00,0.00,0.00,44.24,38.83,0.00,0.00
65007,0.00,6.45,0.00,0.00,0.00,41.58,51.98,0.00,0.00
65008,0.00,9.81,0.00,0.00,0.00,66.35,23.84,0.00,0.00
66001,0.39,24.30,0.00,0.00,3.63,16.20,55.48,0.00,0.00
66004,0.00,33.96,0.00,0.00,15.15,15.36,35.53,0.00,0.00
66006,0.00,11.74,0.00,0.00,0.00,11.47,76.79,0.00,0.00
66011,0.00,7.69,0.00,0.00,0.00,31.66,60.65,0.00,0.00
67001,0.00,6.80,0.00,0.00,0.00,31.93,61.27,0.00,0.00
67005,0.00,9.10,0.00,0.00,0.53,63.22,27.15,0.00,0.00
67006,0.00,9.92,0.00,0.00,0.00,20.56,69.53,0.00,0.00
67008,0.00,29.19,0.00,0.00,22.47,8.49,39.85,0.00,0.00
67010,0.00,0.00,0.00,0.00,0.00,8.14,91.86,0.00,0.00
67015,0.00,12.25,0.00,0.00,1.94,33.26,52.55,0.00,0.00
67018,0.00,9.04,0.00,0.00,0.00,35.05,55.92,0.00,0.00
67025,0.00,38.83,0.00,0.00,8.68,1.26,50.33,0.00,0.89
67033,0.07,22.41,0.00,0.00,4.48,19.77,53.23,0.00,0.05
68001,2.13,41.25,0.00,0.00,2.04,0.60,53.99,0.00,0.00
68003,0.00,40.90,0.00,0.00,8.87,0.01,49.31,0.00,0.91
68004,0.00,51.19,0.00,0.00,0.58,0.00,48.23,0.00,0.00
68005,0.56,42.77,0.00,0.00,0.00,0.00,56.67,0.00,0.00
68020,4.19,30.89,0.00,0.00,0.00,3.26,61.66,0.00,0.00
69002,0.00,22.92,0.00,0.00,17.40,0.00,58.86,0.00,0.82
69007,0.00,18.12,0.00,0.00,27.41,0.03,54.28,0.00,0.16
69012,0.00,52.80,0.00,0.00,7.25,0.00,39.95,0.00,0.00
69015,0.00,5.42,0.00,0.00,33.22,0.00,61.36,0.00,0.00
69017,0.00,11.46,0.00,0.00,44.12,0.10,44.32,0.00,0.00
69023,0.00,23.98,0.00,0.00,26.18,0.00,49.84,0.00,0.00
69027,0.00,15.81,0.00,0.00,34.50,0.00,49.68,0.00,0.00
69030,1.72,9.52,15.19,0.00,2.08,0.00,71.05,0.00,0.44
69032,5.32,2.43,21.30,0.00,0.51,0.00,70.44,0.00,0.00
69043,0.00,38.19,0.00,0.00,0.00,0.00,61.81,0.00,0.00
70002,0.00,17.69,4.94,0.00,5.30,0.00,72.07,0.00,0.00
7001,0.00,12.72,0.00,0.00,0.00,6.21,81.07,0.00,0.00
7002,0.00,19.28,0.00,0.00,0.00,4.63,76.09,0.00,0.00
7003,0.00,37.54,0.00,0.00,0.08,2.99,59.39,0.00,0.00
7005,0.00,18.11,0.00,0.00,0.00,4.37,77.52,0.00,0.00
7006,0.00,12.14,0.00,0.00,0.00,2.40,85.47,0.00,0.00
71001,0.00,14.96,0.00,0.00,12.06,0.03,72.63,0.00,0.32
71004,0.00,10.23,0.00,0.00,14.94,0.00,74.82,0.00,0.00
71006,0.00,16.25,0.00,0.00,9.44,0.08,73.68,0.00,0.55
71008,0.00,14.59,0.00,0.00,15.57,0.00,69.36,0.00,0.48
71014,0.00,19.51,0.00,0.00,6.36,0.00,74.13,0.00,0.00
72002,0.00,24.39,0.00,0.00,7.68,0.00,67.93,0.00,0.00
72004,0.00,15.41,0.00,0.00,11.44,7.82,65.33,0.00,0.00
72005,0.00,15.78,0.00,0.00,0.18,17.61,66.43,0.00,0.00
72007,0.00,25.11,0.00,0.00,12.90,0.00,61.99,0.00,0.00
72009,0.00,21.24,0.00,0.00,3.14,0.48,75.14,0.00,0.00
72014,0.00,34.96,0.00,0.00,15.92,0.00,49.12,0.00,0.00
72015,0.00,18.28,0.00,0.00,0.28,14.81,66.62,0.00,0.00
73005,0.00,17.81,0.00,0.00,3.18,20.64,58.36,0.00,0.00
73009,0.00,13.47,0.00,0.00,0.00,28.94,57.59,0.00,0.00
73010,0.00,9.66,0.00,0.00,0.00,40.90,49.44,0.00,0.00
73011,0.00,18.02,0.00,0.00,0.00,19.28,62.70,0.00,0.00
73014,0.00,12.06,0.00,0.00,0.00,37.32,50.63,0.00,0.00
73015,0.00,7.24,0.00,0.00,9.77,0.00,82.99,0.00,0.00
74001,0.00,8.41,0.00,0.00,0.00,19.50,72.08,0.00,0.00
74005,1.47,21.27,0.00,0.00,2.23,24.59,50.44,0.00,0.00
74006,0.00,17.01,0.00,0.00,0.00,24.84,58.15,0.00,0.00
74007,0.00,10.72,0.00,0.00,0.00,22.74,66.55,0.00,0.00
75003,0.00,13.71,0.00,0.00,0.01,35.86,50.42,0.00,0.00
75004,0.00,11.62,0.00,0.00,0.00,42.28,46.10,0.00,0.00
75017,0.00,16.18,0.00,0.00,1.80,3.16,78.86,0.00,0.00
76003,0.00,11.43,0.00,0.00,0.50,19.53,68.54,0.00,0.00
76005,0.00,19.15,0.00,0.00,15.98,0.84,64.03,0.00,0.00
76007,0.83,21.81,0.00,0.00,7.35,4.86,65.01,0.00,0.14
76008,0.08,27.12,0.00,0.00,5.79,0.00,66.94,0.00,0.07
76011,0.00,0.00,0.00,0.00,0.00,0.00,100.00,0.00,0.00
76014,0.00,10.25,0.00,0.00,30.77,0.00,58.97,0.00,0.00
77002,0.00,15.70,0.00,0.00,2.72,11.46,70.12,0.00,0.00
77003,0.00,12.97,0.00,0.00,9.08,4.97,72.97,0.00,0.00
77004,0.00,14.32,0.00,0.00,2.20,0.11,83.37,0.00,0.00
78003,0.00,28.89,0.00,0.01,0.15,17.23,53.72,0.00,0.00
78004,0.00,31.88,0.00,0.00,0.00,19.84,48.28,0.00,0.00
78006,0.00,17.12,0.00,0.06,0.00,37.57,45.24,0.00,0.00
79002,0.00,19.51,0.00,0.08,1.09,24.86,54.46,0.00,0.00
79003,0.00,17.24,0.00,0.00,0.84,6.16,75.76,0.00,0.00
79004,0.00,10.06,0.00,0.00,0.00,38.51,51.42,0.00,0.00
79005,0.00,25.40,0.00,0.01,0.00,28.29,46.30,0.00,0.00
79006,0.00,14.00,0.00,0.00,1.74,20.48,63.78,0.00,0.00
80001,0.00,21.76,0.00,0.00,0.00,23.31,54.92,0.00,0.00
80002,0.00,13.82,0.00,0.00,0.00,40.22,45.96,0.00,0.00
80003,0.00,0.00,0.00,0.00,0.00,86.01,13.99,0.00,0.00
80004,0.00,0.01,0.00,0.00,0.00,54.42,45.58,0.00,0.00
80005,0.00,0.00,0.00,0.00,0.00,89.57,10.43,0.00,0.00
80006,0.00,1.78,0.00,0.00,0.00,66.37,31.85,0.00,0.00
8004,0.00,10.25,0.00,0.00,0.00,32.97,56.78,0.00,0.00
8005,0.00,17.76,0.00,0.00,0.00,21.58,60.66,0.00,0.00
8006,0.00,18.32,0.00,0.00,0.01,19.24,62.37,0.00,0.06
8009,0.00,17.74,0.00,0.00,0.00,7.32,74.45,0.00,0.49
8011,0.00,11.74,0.00,0.00,0.00,23.99,64.27,0.00,0.00
8013,0.00,14.22,0.00,0.00,0.00,24.14,61.63,0.00,0.00
81002,0.00,10.46,0.00,0.00,0.00,34.52,54.98,0.03,0.00
81003,0.00,7.45,0.00,0.00,0.00,5.74,86.81,0.00,0.00
81004,0.00,11.63,0.00,0.00,0.00,18.83,69.54,0.00,0.00
81006,0.00,7.96,0.00,0.00,0.00,35.24,56.80,0.00,0.00
81007,0.00,11.59,0.00,0.00,0.00,39.76,48.65,0.00,0.00
82001,0.00,12.95,0.00,0.00,1.85,11.88,73.00,0.32,0.00
82003,0.00,10.38,0.00,0.00,0.53,6.53,82.57,0.00,0.00
83003,0.00,18.10,0.00,0.00,2.35,2.19,77.36,0.00,0.00
83004,0.00,14.09,0.00,0.00,1.21,0.74,83.96,0.00,0.00
83006,0.00,17.83,0.00,0.10,1.10,2.20,78.73,0.03,0.00
83007,0.00,25.63,0.00,0.00,0.00,1.15,72.38,0.84,0.00
83009,0.00,14.89,0.00,0.00,0.13,9.23,74.70,1.05,0.00
83010,0.00,30.40,0.00,0.00,0.00,0.00,69.30,0.00,0.30
83013,0.00,24.56,0.00,0.03,0.00,0.61,74.56,0.00,0.24
84001,0.00,28.02,0.00,0.00,1.08,4.57,66.11,0.00,0.21
84004,0.00,22.03,0.00,0.12,1.19,28.63,48.04,0.00,0.00
84005,0.00,20.86,0.00,0.05,1.16,12.96,63.82,0.03,1.10
84008,0.00,34.11,0.00,0.00,0.46,0.00,63.59,0.83,1.01
84009,0.00,20.98,0.00,0.00,0.07,0.22,78.72,0.00,0.00
84012,0.00,14.65,0.00,0.00,0.47,11.23,66.38,7.27,0.00
84013,0.00,20.39,0.00,0.05,1.10,11.71,64.78,0.28,1.70
84014,0.00,25.70,0.00,0.00,0.00,0.00,74.30,0.00,0.00
84016,0.00,16.56,0.00,0.00,0.81,0.00,82.63,0.00,0.00
84017,0.00,13.69,0.00,0.00,0.44,12.27,73.60,0.00,0.00
84018,0.00,21.94,0.00,0.10,1.36,23.42,53.18,0.00,0.00
84019,0.00,8.02,0.00,0.00,0.66,1.82,83.36,0.00,6.14
84020,0.00,17.23,0.00,0.00,2.12,9.07,71.58,0.00,0.00
84022,0.00,12.12,0.00,0.82,2.90,15.61,68.56,0.00,0.00
84026,0.00,12.91,0.00,0.00,0.00,23.52,63.57,0.00,0.00
84030,0.00,18.73,0.00,0.00,0.00,1.91,79.36,0.00,0.00
85001,0.00,11.40,0.00,0.00,3.46,30.64,52.00,0.94,1.57
85002,0.00,12.78,0.00,0.00,1.84,3.87,75.88,0.00,5.62
85003,0.00,0.11,0.00,0.00,0.00,41.96,57.94,0.00,0.00
85004,0.00,4.03,0.00,0.00,0.00,30.82,65.15,0.00,0.00
88001,0.00,8.38,0.00,0.00,0.00,66.42,25.20,0.00,0.00
89002,0.00,4.52,0.00,0.00,0.00,34.63,60.85,0.00,0.00
89003,0.00,5.83,0.00,0.00,0.00,28.11,66.05,0.00,0.00
89005,0.00,6.47,0.00,0.00,0.00,48.28,45.26,0.00,0.00
89007,0.00,0.86,0.00,0.00,0.00,45.68,53.46,0.00,0.00
90003,0.00,3.94,0.00,0.00,0.00,50.96,45.10,0.00,0.00
9002,0.00,15.59,0.00,0.00,0.11,11.15,72.57,0.00,0.59
9003,0.00,19.51,0.00,0.00,0.00,3.78,76.71,0.00,0.00
9004,0.00,16.26,0.00,0.00,0.00,21.88,61.86,0.00,0.00
9005,0.00,11.69,0.00,0.00,1.49,25.40,61.42,0.00,0.00
92001,0.00,4.17,0.00,0.00,0.00,63.79,31.16,0.88,0.00
93001,0.00,9.95,0.00,0.00,0.00,29.43,60.62,0.00,0.00
94001,0.00,5.00,0.00,0.00,0.00,41.27,53.00,0.73,0.00
95001,0.00,13.34,0.00,0.00,2.07,58.64,25.95,0.00,0.00
96001,0.00,9.50,0.00,0.00,0.38,0.34,89.77,0.00,0.00
96002,0.00,10.38,0.00,0.00,0.00,9.04,80.58,0.00,0.00
96004,0.00,2.44,0.00,0.00,0.00,30.33,67.23,0.00,0.00
97002,0.00,7.88,0.00,0.00,2.82,0.15,89.15,0.00,0.00
