gauge_id,p_mean,pet_mean,aridity,p_seasonality,frac_snow,high_prec_freq,high_prec_dur,high_prec_timing,low_prec_freq,low_prec_dur,low_prec_timing
10002,2.35,1.33,0.56,-0.06,0.03,13.75,1.16,son,205.90,3.13,jja
10003,2.37,1.35,0.57,-0.02,0.04,13.62,1.17,son,208.21,3.20,mam
1001,2.56,1.21,0.47,-0.15,0.04,10.58,1.11,son,181.56,2.92,jja
101002,2.37,1.81,0.76,-0.22,0.00,20.67,1.17,son,243.73,4.44,jja
101005,2.28,1.80,0.79,-0.20,0.00,20.60,1.19,son,245.58,4.51,jja
102001,3.01,1.64,0.54,-0.13,0.00,15.37,1.09,son,207.37,3.24,jja
106001,4.06,1.21,0.30,-0.26,0.01,7.94,1.06,son,147.12,2.81,jja
107001,3.04,1.28,0.42,-0.23,0.02,9.04,1.08,son,168.40,2.80,jja
11001,2.60,1.32,0.51,-0.02,0.07,13.90,1.21,son,201.58,3.14,mam
11003,2.89,1.26,0.44,-0.04,0.12,13.79,1.21,son,192.50,3.03,mam
11004,2.49,1.37,0.55,0.01,0.05,15.40,1.23,son,213.15,3.31,mam
12001,3.39,1.21,0.36,-0.15,0.13,13.96,1.19,son,179.62,2.95,jja
12002,3.28,1.24,0.38,-0.14,0.11,14.17,1.19,son,182.19,2.96,jja
12005,3.80,1.16,0.31,-0.17,0.17,15.58,1.21,son,185.40,3.01,jja
12006,3.32,1.20,0.36,-0.14,0.17,14.67,1.19,son,188.44,3.01,jja
12007,4.16,1.10,0.26,-0.19,0.21,12.37,1.14,son,160.83,2.83,jja
12008,3.31,1.27,0.38,-0.13,0.07,17.02,1.24,son,206.37,3.15,jja
12009,3.68,1.26,0.34,-0.13,0.09,16.69,1.22,son,202.27,3.05,jja
13001,2.51,1.33,0.53,-0.07,0.03,16.92,1.16,son,220.92,3.40,mam
13004,3.75,1.24,0.33,-0.18,0.10,15.58,1.17,son,193.42,3.16,mam
13005,2.06,1.45,0.70,0.02,0.02,17.37,1.15,son,235.00,3.82,mam
13007,3.26,1.30,0.40,-0.13,0.05,16.23,1.20,son,201.48,3.14,mam
13008,3.38,1.28,0.38,-0.14,0.07,15.81,1.17,son,197.88,3.21,mam
14001,2.34,1.49,0.64,-0.07,0.02,16.27,1.14,son,223.48,3.60,mam
14002,2.34,1.47,0.63,-0.01,0.03,17.15,1.15,son,227.81,3.68,mam
14005,1.99,1.54,0.77,0.01,0.02,17.19,1.15,son,235.98,3.83,mam
15006,4.31,1.21,0.28,-0.28,0.06,11.12,1.12,djf,161.44,3.07,jja
15007,5.75,1.16,0.20,-0.35,0.06,11.83,1.15,djf,155.88,3.09,jja
15010,3.27,1.30,0.40,-0.15,0.07,15.23,1.16,son,199.02,3.29,mam
15011,5.84,1.10,0.19,-0.36,0.09,12.15,1.15,djf,156.77,3.10,jja
15012,4.58,1.14,0.25,-0.32,0.08,11.40,1.13,djf,157.69,3.05,jja
15013,4.27,1.21,0.28,-0.25,0.06,14.69,1.13,son,187.63,3.30,jja
15014,3.93,1.20,0.31,-0.19,0.11,14.29,1.14,son,184.52,3.14,mam
15016,6.30,1.17,0.19,-0.37,0.04,11.48,1.15,djf,154.67,3.09,mam
15021,2.56,1.38,0.54,-0.08,0.03,16.02,1.13,son,217.50,3.65,mam
15023,3.97,1.22,0.31,-0.24,0.06,15.54,1.13,djf,193.15,3.37,jja
15024,7.47,1.16,0.15,-0.37,0.04,10.75,1.14,djf,147.10,3.01,mam
15025,3.61,1.25,0.35,-0.17,0.09,14.54,1.14,son,188.79,3.18,mam
15030,2.36,1.40,0.59,-0.03,0.03,17.33,1.14,son,225.75,3.66,mam
15039,4.50,1.07,0.24,-0.24,0.20,12.79,1.13,djf,164.46,2.95,jja
16001,4.54,1.26,0.28,-0.29,0.03,13.29,1.11,djf,178.73,3.28,jja
16003,5.63,1.21,0.22,-0.32,0.04,13.31,1.11,djf,173.31,3.21,jja
16004,4.21,1.28,0.30,-0.27,0.03,13.33,1.10,djf,181.75,3.29,mam
17001,4.48,1.34,0.30,-0.25,0.02,12.81,1.10,djf,176.87,3.21,jja
17003,3.43,1.41,0.41,-0.18,0.01,12.85,1.11,son,187.75,3.21,mam
17004,2.57,1.50,0.58,-0.09,0.02,14.90,1.13,son,210.52,3.41,mam
17005,2.87,1.43,0.50,-0.14,0.01,13.67,1.14,son,197.83,3.35,mam
17015,3.44,1.30,0.38,-0.20,0.03,14.25,1.12,djf,195.96,3.18,mam
17018,2.89,1.35,0.47,-0.16,0.03,14.96,1.14,son,205.92,3.35,mam
18001,4.05,1.29,0.32,-0.24,0.03,13.38,1.10,djf,185.00,3.26,jja
18002,4.08,1.33,0.32,-0.21,0.03,13.40,1.12,djf,184.94,3.17,mam
18003,6.15,1.22,0.20,-0.31,0.02,11.31,1.10,djf,159.46,3.15,mam
18008,6.82,1.17,0.17,-0.33,0.04,11.81,1.11,djf,156.75,3.12,mam
18010,4.77,1.33,0.28,-0.28,0.01,10.98,1.10,NaN,170.48,3.26,jja
18011,5.32,1.29,0.24,-0.29,0.02,11.02,1.10,NaN,164.27,3.21,mam
18014,3.87,1.42,0.37,-0.26,0.01,14.25,1.12,djf,189.88,3.35,jja
18017,7.49,1.19,0.16,-0.35,0.05,11.63,1.14,djf,151.21,3.05,jja
18018,6.34,1.15,0.18,-0.36,0.07,12.85,1.14,djf,164.63,3.16,mam
19001,2.69,1.38,0.51,-0.10,0.02,13.50,1.13,son,201.08,3.25,mam
19006,2.56,1.42,0.56,-0.05,0.02,14.23,1.13,son,208.87,3.33,mam
19010,2.34,1.55,0.66,-0.01,0.02,16.79,1.16,jja,225.04,3.56,mam
19017,2.25,1.47,0.65,-0.03,0.01,15.85,1.16,son,223.33,3.59,mam
19020,3.03,1.37,0.45,-0.12,0.02,12.79,1.11,son,191.77,3.23,mam
20002,1.73,1.61,0.93,0.13,0.01,16.63,1.15,jja,244.13,3.98,mam
20003,2.14,1.45,0.67,0.02,0.02,14.94,1.16,jja,225.77,3.56,mam
20007,2.26,1.40,0.62,0.01,0.03,16.46,1.17,jja,227.92,3.57,mam
2001,3.11,1.27,0.41,-0.25,0.07,9.63,1.12,son,166.04,2.88,jja
2002,3.56,1.26,0.35,-0.25,0.07,9.31,1.13,son,155.27,2.86,jja
21003,3.40,1.25,0.37,-0.17,0.03,12.04,1.11,djf,180.25,3.07,mam
21006,3.51,1.25,0.36,-0.19,0.04,12.42,1.13,djf,180.13,3.09,jja
21008,2.85,1.30,0.46,-0.12,0.03,13.31,1.12,djf,193.42,3.22,mam
21009,2.87,1.32,0.46,-0.12,0.03,11.94,1.12,djf,187.13,3.13,mam
21011,3.94,1.19,0.30,-0.25,0.05,13.56,1.16,djf,180.37,3.11,jja
21012,3.55,1.24,0.35,-0.19,0.03,13.42,1.11,djf,184.73,3.14,jja
21013,2.81,1.29,0.46,-0.14,0.05,13.77,1.15,djf,200.62,3.22,jja
21015,2.59,1.33,0.51,-0.09,0.05,14.62,1.16,son,208.98,3.30,mam
21016,2.18,1.39,0.63,0.06,0.02,16.96,1.18,son,231.88,3.66,mam
21017,5.35,1.11,0.21,-0.24,0.06,13.31,1.14,djf,167.46,3.00,jja
21018,2.91,1.32,0.45,-0.11,0.03,12.21,1.11,son,192.62,3.16,mam
21022,2.43,1.38,0.57,-0.02,0.04,15.44,1.18,son,217.94,3.43,mam
21023,1.91,1.45,0.76,0.05,0.02,16.48,1.16,jja,234.52,3.75,mam
21024,2.68,1.29,0.48,-0.11,0.03,14.79,1.12,djf,204.31,3.33,mam
21026,4.66,1.15,0.25,-0.24,0.04,13.35,1.13,djf,174.44,3.06,jja
21027,2.29,1.42,0.62,-0.02,0.03,15.23,1.17,son,219.90,3.47,mam
22001,2.52,1.35,0.54,-0.08,0.04,14.90,1.16,son,210.10,3.39,mam
22006,1.96,1.40,0.71,0.04,0.02,15.85,1.17,jja,230.00,3.66,mam
22007,2.28,1.35,0.59,-0.04,0.03,15.42,1.16,son,218.75,3.47,mam
22009,2.75,1.29,0.47,-0.11,0.05,14.54,1.16,djf,204.46,3.30,jja
23001,2.96,1.26,0.43,-0.13,0.03,12.50,1.13,djf,185.67,3.15,mam
23004,3.21,1.24,0.38,-0.14,0.03,12.54,1.14,djf,182.27,3.13,mam
23006,3.78,1.15,0.31,-0.17,0.05,12.90,1.15,djf,176.04,3.07,mam
23007,2.41,1.34,0.55,-0.09,0.04,15.56,1.18,djf,214.81,3.51,jja
23008,2.86,1.25,0.43,-0.14,0.05,13.94,1.12,djf,198.33,3.24,jja
23011,3.80,1.17,0.31,-0.20,0.06,13.75,1.11,djf,182.79,3.04,jja
23016,1.82,1.51,0.83,0.09,0.02,17.04,1.18,jja,242.69,3.94,mam
24001,2.64,1.32,0.50,-0.13,0.04,14.81,1.16,djf,204.10,3.38,jja
24003,3.51,1.22,0.35,-0.24,0.07,13.92,1.14,djf,187.90,3.22,jja
24004,2.60,1.30,0.50,-0.11,0.05,15.83,1.17,djf,213.40,3.50,jja
24005,2.13,1.40,0.66,-0.00,0.03,16.62,1.18,jja,231.10,3.73,mam
25001,3.13,1.27,0.41,-0.17,0.04,13.42,1.14,djf,190.44,3.22,jja
25003,5.13,0.95,0.18,-0.17,0.14,12.37,1.13,djf,162.87,2.91,mam
25006,3.13,1.27,0.41,-0.20,0.05,14.73,1.14,djf,196.48,3.32,jja
25012,4.27,1.10,0.26,-0.29,0.09,13.44,1.15,djf,176.46,3.11,jja
25020,1.90,1.51,0.80,0.06,0.02,16.79,1.16,jja,239.04,3.91,mam
25021,1.96,1.51,0.77,0.05,0.02,16.92,1.16,jja,237.21,3.85,mam
25029,2.07,1.57,0.76,0.02,0.02,15.88,1.16,jja,228.27,3.68,mam
26003,2.04,1.45,0.71,-0.04,0.02,17.12,1.13,son,235.23,3.91,jja
26005,2.08,1.44,0.69,-0.02,0.02,16.65,1.14,son,231.27,3.81,mam
26006,1.95,1.51,0.77,-0.04,0.02,18.00,1.13,jja,240.67,4.00,jja
26008,2.00,1.58,0.79,0.04,0.02,16.90,1.14,son,237.04,3.87,mam
26009,2.12,1.50,0.71,-0.03,0.02,17.00,1.13,son,232.06,3.84,mam
27001,2.71,1.44,0.53,-0.14,0.02,14.46,1.12,djf,205.37,3.51,jja
27002,3.33,1.39,0.42,-0.17,0.02,13.06,1.12,djf,189.96,3.35,mam
27003,2.74,1.48,0.54,-0.13,0.01,12.96,1.12,son,200.40,3.46,mam
27006,2.88,1.51,0.52,-0.19,0.02,15.79,1.16,djf,208.77,3.56,jja
27007,3.25,1.37,0.42,-0.22,0.02,13.75,1.14,djf,191.75,3.33,jja
27009,2.59,1.46,0.56,-0.13,0.02,13.27,1.13,djf,200.52,3.39,jja
27021,2.25,1.55,0.69,-0.10,0.02,16.23,1.15,djf,221.79,3.82,jja
27023,2.18,1.58,0.72,-0.09,0.02,16.88,1.16,djf,229.00,3.94,jja
27025,2.11,1.52,0.72,-0.08,0.02,17.54,1.15,son,230.62,3.95,jja
27026,2.25,1.50,0.67,-0.11,0.02,17.21,1.14,son,227.31,3.88,jja
27029,3.50,1.35,0.39,-0.19,0.02,12.63,1.12,djf,189.23,3.33,mam
27030,1.96,1.60,0.82,-0.04,0.01,17.10,1.18,jja,235.96,4.07,jja
27032,4.29,1.25,0.29,-0.22,0.05,13.63,1.15,djf,182.12,3.26,mam
27034,3.92,1.30,0.33,-0.26,0.03,13.77,1.17,djf,184.42,3.26,mam
27035,3.27,1.39,0.43,-0.15,0.01,13.75,1.13,djf,194.94,3.46,mam
27038,2.20,1.44,0.66,-0.06,0.02,16.79,1.13,son,231.94,3.72,mam
27041,2.22,1.47,0.66,-0.03,0.02,15.27,1.13,son,221.50,3.60,mam
27042,2.77,1.40,0.51,-0.09,0.04,16.08,1.14,son,215.35,3.46,mam
27043,4.03,1.31,0.32,-0.21,0.03,12.75,1.13,djf,182.48,3.28,mam
27047,5.05,1.15,0.23,-0.25,0.03,13.92,1.16,djf,177.98,3.21,mam
27049,2.47,1.53,0.62,-0.03,0.03,15.29,1.13,son,217.71,3.52,mam
27051,2.31,1.46,0.63,-0.06,0.02,17.00,1.14,son,224.25,3.77,jja
27062,2.66,1.45,0.54,-0.13,0.02,14.48,1.12,djf,206.35,3.53,jja
27064,1.71,1.66,0.97,0.08,0.01,18.08,1.15,jja,247.04,4.24,mam
27065,3.47,1.38,0.40,-0.21,0.02,13.44,1.15,djf,192.62,3.31,mam
27071,2.42,1.46,0.60,-0.09,0.03,14.08,1.15,son,206.87,3.39,jja
27073,2.20,1.43,0.65,0.00,0.02,16.75,1.17,son,228.85,3.71,mam
27077,2.57,1.48,0.58,-0.15,0.02,15.81,1.13,djf,217.13,3.72,jja
27079,2.86,1.47,0.51,-0.14,0.01,13.08,1.13,son,198.81,3.44,mam
27080,2.76,1.46,0.53,-0.13,0.01,13.60,1.11,son,202.73,3.51,mam
27084,3.07,1.35,0.44,-0.14,0.02,13.90,1.13,djf,198.87,3.44,mam
27087,2.12,1.43,0.67,-0.02,0.02,15.87,1.15,son,228.08,3.71,mam
27089,3.22,1.40,0.44,-0.16,0.02,13.21,1.12,djf,191.06,3.35,mam
27090,3.27,1.30,0.40,-0.20,0.04,13.85,1.15,djf,191.62,3.28,jja
28001,3.97,1.37,0.34,-0.20,0.04,12.94,1.13,djf,185.96,3.27,mam
28003,2.05,1.65,0.81,-0.02,0.01,16.98,1.12,son,233.31,3.88,jja
28008,2.92,1.37,0.47,-0.14,0.02,14.31,1.11,son,203.27,3.49,mam
28009,2.15,1.52,0.70,-0.04,0.01,14.71,1.12,son,217.19,3.71,jja
28012,2.11,1.48,0.70,-0.00,0.01,15.38,1.12,NaN,222.62,3.73,jja
28015,1.82,1.58,0.87,0.02,0.01,17.73,1.17,son,243.71,4.13,jja
28018,2.66,1.40,0.52,-0.10,0.02,14.31,1.11,son,207.73,3.54,jja
28022,2.11,1.52,0.72,-0.03,0.01,14.79,1.13,son,218.37,3.71,jja
28023,3.32,1.42,0.43,-0.19,0.03,12.90,1.12,son,194.08,3.38,mam
28024,1.80,1.57,0.87,0.05,0.02,17.38,1.13,jja,243.88,4.05,jja
28026,1.85,1.57,0.85,0.04,0.01,17.48,1.13,jja,240.37,4.00,jja
28031,3.08,1.34,0.44,-0.13,0.03,13.83,1.11,son,199.65,3.44,mam
28033,3.62,1.35,0.37,-0.15,0.03,12.69,1.10,son,188.79,3.27,mam
28039,2.19,1.60,0.73,-0.04,0.01,17.60,1.14,son,232.52,3.85,jja
28040,2.41,1.41,0.58,-0.02,0.01,14.00,1.10,son,212.96,3.56,mam
28043,3.34,1.42,0.43,-0.18,0.03,13.75,1.13,NaN,194.46,3.39,mam
28044,1.92,1.54,0.80,-0.01,0.02,17.94,1.17,son,242.13,4.07,jja
28046,3.14,1.35,0.43,-0.17,0.03,13.81,1.11,son,198.23,3.42,jja
28048,2.29,1.51,0.66,-0.09,0.02,18.27,1.15,son,229.98,3.89,jja
28050,1.71,1.67,0.97,0.07,0.01,17.79,1.17,jja,247.75,4.22,jja
28052,2.16,1.40,0.65,0.00,0.01,15.79,1.11,son,223.79,3.72,jja
28055,2.44,1.47,0.60,-0.09,0.02,16.83,1.12,son,223.75,3.76,jja
28056,1.92,1.58,0.82,0.02,0.01,18.04,1.13,jja,239.90,3.94,jja
28060,1.87,1.54,0.82,0.01,0.01,18.08,1.15,jja,243.06,4.10,jja
28066,2.02,1.62,0.80,-0.03,0.01,17.23,1.13,son,235.92,3.92,jja
28067,2.79,1.45,0.52,-0.14,0.02,14.25,1.12,son,203.83,3.51,mam
28072,1.83,1.56,0.85,0.01,0.01,18.29,1.15,jja,245.00,4.15,jja
28074,1.82,1.55,0.85,0.04,0.02,17.62,1.14,jja,240.15,3.96,jja
28080,2.02,1.62,0.81,-0.02,0.01,16.96,1.14,son,234.12,3.91,jja
28081,2.03,1.67,0.82,-0.01,0.01,16.75,1.11,son,233.63,3.87,jja
28082,1.80,1.53,0.85,0.05,0.01,17.94,1.15,jja,242.94,4.03,jja
28085,2.89,1.44,0.50,-0.15,0.02,14.04,1.13,son,201.50,3.47,mam
28091,1.77,1.60,0.90,0.05,0.01,17.83,1.18,jja,246.00,4.21,jja
28093,1.82,1.54,0.85,0.05,0.02,17.42,1.14,jja,240.69,3.97,jja
28115,2.06,1.58,0.77,-0.02,0.01,18.67,1.16,son,239.85,4.00,jja
28116,1.91,1.56,0.82,-0.00,0.01,18.38,1.16,son,242.50,4.05,jja
28117,3.14,1.42,0.45,-0.17,0.03,13.50,1.13,NaN,196.98,3.42,mam
29002,1.94,1.57,0.81,0.00,0.01,17.38,1.13,son,240.58,3.98,mam
29003,1.94,1.61,0.83,0.01,0.02,17.21,1.13,son,240.13,3.96,jja
29005,1.84,1.65,0.90,0.05,0.01,17.33,1.13,jja,242.00,4.00,mam
29009,1.69,1.65,0.97,0.08,0.01,17.87,1.14,jja,246.56,4.15,mam
30001,1.75,1.67,0.96,0.07,0.02,16.92,1.14,jja,246.85,4.21,jja
30004,1.97,1.58,0.80,0.01,0.01,17.37,1.14,son,240.48,3.99,jja
30005,1.86,1.66,0.89,0.05,0.02,17.42,1.14,jja,245.10,4.20,jja
30011,2.02,1.62,0.80,0.01,0.02,17.58,1.13,jja,238.38,3.89,mam
30012,1.98,1.63,0.83,0.03,0.02,17.04,1.12,son,237.54,3.92,mam
30014,1.67,1.66,0.99,0.08,0.01,17.42,1.14,jja,250.42,4.32,jja
30015,1.90,1.63,0.86,0.05,0.02,17.50,1.15,jja,243.88,4.17,jja
3003,5.13,1.24,0.24,-0.29,0.04,7.98,1.15,djf,131.81,2.66,jja
31002,1.72,1.67,0.97,0.05,0.02,17.37,1.12,jja,248.98,4.26,jja
31006,1.83,1.66,0.91,0.03,0.02,17.56,1.12,jja,244.52,4.15,jja
31010,1.86,1.61,0.87,0.04,0.02,17.83,1.13,jja,245.81,4.17,jja
31021,1.84,1.53,0.83,0.05,0.02,17.44,1.14,jja,243.71,4.12,jja
31023,1.81,1.65,0.92,0.03,0.02,17.81,1.13,jja,247.35,4.22,jja
31025,1.99,1.59,0.80,0.04,0.02,17.85,1.13,jja,242.02,4.06,jja
32003,1.81,1.61,0.89,0.03,0.01,17.88,1.15,son,247.71,4.24,jja
32004,1.81,1.59,0.88,0.02,0.01,18.12,1.13,jja,245.87,4.23,jja
32006,1.83,1.53,0.84,0.02,0.01,17.46,1.14,jja,244.15,4.24,jja
32008,1.83,1.54,0.84,0.04,0.01,17.69,1.14,jja,244.29,4.21,jja
33006,1.86,1.63,0.88,0.01,0.01,17.31,1.16,son,240.00,4.10,jja
33007,1.95,1.69,0.87,0.01,0.02,17.21,1.14,son,237.42,4.01,mam
33012,1.66,1.68,1.01,0.03,0.01,17.98,1.14,jja,253.04,4.39,jja
33013,1.66,1.69,1.02,0.04,0.01,17.79,1.15,son,247.42,4.33,jja
33014,1.68,1.70,1.01,0.04,0.01,17.40,1.15,jja,247.52,4.32,jja
33018,1.92,1.54,0.80,-0.01,0.01,18.10,1.13,son,240.92,4.19,jja
33019,1.78,1.64,0.93,0.03,0.01,17.35,1.17,son,243.44,4.17,mam
33020,1.62,1.62,1.00,0.05,0.01,17.75,1.15,jja,252.38,4.42,jja
33021,1.55,1.67,1.08,0.06,0.01,17.88,1.15,NaN,254.98,4.51,jja
33022,1.63,1.64,1.01,0.03,0.01,17.77,1.14,son,250.04,4.40,jja
33023,1.65,1.69,1.02,0.05,0.01,17.52,1.14,son,248.56,4.36,jja
33024,1.66,1.63,0.98,0.03,0.01,17.85,1.14,son,250.37,4.40,jja
33026,1.72,1.61,0.93,0.01,0.01,17.27,1.15,son,244.21,4.27,jja
33028,1.67,1.58,0.95,0.01,0.01,18.38,1.14,son,250.00,4.38,jja
33029,1.81,1.67,0.92,0.05,0.01,17.73,1.16,son,243.96,4.15,mam
33031,1.76,1.54,0.87,0.01,0.01,18.40,1.13,son,247.73,4.26,jja
33032,1.85,1.69,0.91,0.03,0.02,16.69,1.14,son,240.10,4.00,mam
33033,1.70,1.62,0.95,0.01,0.01,18.23,1.14,son,250.17,4.36,jja
33034,1.72,1.66,0.97,0.03,0.01,17.25,1.16,son,243.71,4.23,mam
33035,1.65,1.66,1.01,0.05,0.01,17.10,1.14,son,243.67,4.25,mam
33039,1.78,1.58,0.89,-0.01,0.01,17.75,1.14,son,242.73,4.21,jja
33053,1.62,1.64,1.01,0.06,0.01,18.12,1.17,son,252.44,4.44,jja
33054,1.86,1.68,0.91,0.02,0.01,16.90,1.15,son,241.73,4.06,mam
33058,1.81,1.51,0.83,-0.02,0.01,18.15,1.15,son,243.77,4.25,jja
34002,1.73,1.64,0.95,0.01,0.01,17.15,1.17,son,243.73,4.19,jja
34003,1.91,1.66,0.87,-0.00,0.01,17.08,1.15,son,239.29,4.00,jja
34004,1.89,1.70,0.90,0.01,0.01,16.60,1.15,son,236.71,3.99,jja
34005,1.91,1.72,0.90,0.00,0.01,17.27,1.17,son,238.71,4.04,jja
34006,1.66,1.68,1.01,0.01,0.01,17.63,1.17,son,246.35,4.29,mam
34007,1.63,1.68,1.03,0.01,0.01,17.88,1.17,son,248.42,4.34,jja
34008,1.80,1.68,0.93,0.02,0.01,17.35,1.15,son,244.73,4.14,mam
34010,1.69,1.68,0.99,0.01,0.01,17.54,1.16,son,246.37,4.25,mam
34011,1.94,1.70,0.88,0.01,0.01,16.96,1.15,son,237.60,3.96,jja
34012,1.89,1.69,0.90,0.02,0.01,17.29,1.16,son,240.69,4.00,jja
35003,1.70,1.66,0.98,0.01,0.01,18.12,1.16,son,248.37,4.35,jja
35008,1.63,1.69,1.03,0.03,0.01,18.37,1.15,son,250.67,4.36,jja
36003,1.61,1.70,1.06,0.01,0.01,18.65,1.15,son,253.63,4.46,jja
36006,1.65,1.65,1.00,0.02,0.01,17.94,1.14,son,249.40,4.38,jja
36009,1.70,1.66,0.98,0.02,0.02,18.46,1.14,son,250.42,4.29,jja
36010,1.66,1.62,0.97,0.03,0.01,18.62,1.15,son,250.77,4.40,jja
36011,1.67,1.62,0.97,0.04,0.01,18.37,1.15,son,250.65,4.39,jja
36012,1.71,1.62,0.95,0.04,0.01,18.19,1.15,jja,249.23,4.34,jja
37001,1.71,1.70,1.00,-0.01,0.01,18.54,1.14,son,251.29,4.50,jja
37003,1.61,1.68,1.04,0.02,0.01,18.77,1.13,son,255.04,4.53,jja
37005,1.62,1.70,1.05,0.01,0.01,19.02,1.14,son,253.52,4.46,jja
37008,1.65,1.66,1.00,0.01,0.01,18.29,1.13,son,251.06,4.41,jja
37009,1.62,1.69,1.05,0.01,0.01,18.75,1.14,son,254.58,4.51,jja
37010,1.62,1.69,1.04,0.01,0.01,18.56,1.13,son,252.17,4.48,jja
37011,1.69,1.65,0.98,0.01,0.01,18.56,1.14,son,250.65,4.40,jja
37018,1.67,1.75,1.05,0.01,0.01,18.79,1.13,son,254.17,4.60,jja
37019,1.65,1.79,1.08,0.02,0.01,19.02,1.13,son,254.46,4.61,jja
37020,1.68,1.66,0.99,0.01,0.01,18.31,1.13,son,250.85,4.41,jja
37031,1.60,1.74,1.09,0.01,0.01,18.98,1.15,son,256.12,4.60,jja
37033,1.51,1.84,1.22,0.02,0.01,19.00,1.13,son,259.65,4.64,jja
38001,1.76,1.62,0.92,-0.01,0.01,17.81,1.14,son,246.65,4.32,jja
38003,1.81,1.56,0.86,-0.03,0.01,18.17,1.15,son,246.40,4.25,jja
38004,1.74,1.63,0.94,0.01,0.01,17.81,1.14,son,248.15,4.32,jja
38007,1.71,1.71,1.00,0.01,0.01,18.79,1.13,son,252.17,4.48,jja
38012,1.77,1.60,0.90,-0.01,0.01,18.25,1.14,son,248.50,4.31,jja
38014,1.83,1.75,0.95,-0.04,0.01,18.25,1.15,son,248.96,4.40,jja
38017,1.79,1.56,0.87,-0.02,0.01,18.35,1.14,son,247.33,4.30,jja
38018,1.81,1.56,0.86,-0.05,0.01,18.31,1.15,son,245.35,4.32,jja
38021,1.82,1.67,0.92,-0.05,0.01,18.69,1.14,son,249.17,4.43,jja
38026,1.70,1.69,0.99,-0.01,0.01,18.48,1.13,son,250.15,4.37,jja
38029,1.73,1.63,0.94,0.02,0.01,17.75,1.15,jja,248.75,4.32,jja
38030,1.76,1.62,0.92,-0.01,0.01,18.38,1.15,son,247.71,4.30,jja
39001,2.00,1.63,0.81,-0.10,0.01,17.00,1.15,son,231.77,4.18,jja
39002,1.98,1.65,0.84,-0.07,0.01,16.94,1.13,son,235.62,4.21,jja
39004,2.17,1.66,0.76,-0.14,0.01,18.77,1.16,son,240.44,4.24,jja
39005,1.75,1.74,1.00,-0.06,0.01,19.25,1.16,son,253.35,4.53,jja
39006,2.23,1.65,0.74,-0.11,0.01,17.21,1.14,son,232.98,4.09,jja
39007,2.00,1.66,0.83,-0.13,0.01,18.87,1.17,son,244.31,4.40,jja
39008,2.11,1.68,0.80,-0.10,0.01,17.35,1.13,son,233.23,4.18,jja
39010,1.96,1.59,0.81,-0.08,0.01,18.19,1.12,son,241.40,4.21,jja
39011,2.46,1.66,0.67,-0.20,0.01,19.04,1.17,son,236.12,4.31,jja
39012,1.86,1.68,0.90,-0.09,0.01,19.15,1.16,son,249.65,4.48,jja
39014,1.96,1.53,0.78,-0.07,0.01,18.40,1.12,son,242.46,4.20,jja
39015,2.27,1.74,0.77,-0.18,0.01,19.44,1.18,son,240.00,4.40,jja
39016,2.19,1.61,0.74,-0.14,0.01,17.83,1.14,son,233.94,4.27,jja
39017,1.74,1.51,0.87,-0.01,0.01,19.12,1.12,son,250.44,4.37,jja
39019,2.10,1.61,0.76,-0.12,0.01,17.71,1.14,son,240.23,4.32,jja
39020,2.43,1.64,0.67,-0.13,0.01,17.33,1.15,son,227.21,3.99,jja
39021,1.92,1.54,0.80,-0.02,0.01,17.77,1.13,son,241.48,4.21,jja
39022,2.05,1.69,0.82,-0.16,0.01,19.02,1.16,son,242.88,4.46,jja
39023,2.14,1.57,0.73,-0.11,0.01,18.69,1.14,son,237.81,4.14,jja
39025,2.22,1.62,0.73,-0.18,0.01,18.90,1.17,son,238.38,4.37,jja
39027,1.95,1.63,0.84,-0.11,0.01,18.50,1.14,son,244.62,4.42,jja
39028,2.29,1.59,0.69,-0.17,0.01,18.23,1.15,son,232.71,4.20,jja
39029,2.30,1.56,0.68,-0.16,0.01,19.35,1.15,son,239.10,4.28,jja
39034,2.03,1.63,0.81,-0.08,0.01,18.56,1.15,NaN,240.62,4.22,jja
39035,2.37,1.64,0.69,-0.12,0.01,17.67,1.14,son,228.71,4.05,jja
39036,2.40,1.57,0.65,-0.17,0.01,19.37,1.16,son,237.65,4.26,jja
39037,2.32,1.60,0.69,-0.12,0.01,17.42,1.13,son,230.37,4.20,jja
39042,2.18,1.67,0.77,-0.11,0.01,18.04,1.13,son,234.90,4.21,jja
39049,1.87,1.77,0.94,-0.07,0.01,18.60,1.14,son,248.75,4.39,jja
39052,1.84,1.63,0.89,-0.07,0.01,18.50,1.15,son,249.69,4.46,jja
39054,2.26,1.59,0.71,-0.17,0.01,19.48,1.18,son,240.96,4.38,jja
39056,1.96,1.71,0.87,-0.11,0.01,18.67,1.15,son,245.42,4.36,jja
39061,2.08,1.64,0.79,-0.10,0.01,18.23,1.14,son,241.37,4.29,jja
39065,1.96,1.65,0.84,-0.06,0.01,18.67,1.14,son,245.60,4.30,jja
39069,2.24,1.60,0.71,-0.17,0.01,19.56,1.18,son,240.60,4.35,jja
39072,1.98,1.64,0.83,-0.09,0.01,16.79,1.14,son,233.38,4.20,jja
39078,2.48,1.67,0.67,-0.20,0.01,19.31,1.16,son,235.62,4.26,jja
39081,1.71,1.69,0.99,-0.05,0.01,17.96,1.13,son,247.81,4.48,jja
39087,1.98,1.73,0.87,-0.11,0.01,18.33,1.13,son,240.98,4.44,jja
39088,2.11,1.57,0.75,-0.12,0.01,18.13,1.12,son,238.50,4.15,jja
39095,1.74,1.80,1.03,-0.05,0.01,18.52,1.14,son,251.69,4.46,jja
39099,2.33,1.64,0.70,-0.16,0.01,18.08,1.14,son,231.23,4.15,jja
39101,2.30,1.60,0.69,-0.14,0.01,18.54,1.14,son,235.31,4.25,jja
39105,1.79,1.58,0.88,-0.04,0.01,18.27,1.13,son,243.38,4.27,jja
39108,2.49,1.64,0.66,-0.11,0.01,17.58,1.15,son,227.25,4.00,jja
39114,1.99,1.62,0.82,-0.11,0.01,18.35,1.16,son,243.67,4.38,jja
39120,2.63,1.65,0.63,-0.21,0.01,19.63,1.16,son,234.37,4.30,jja
39125,1.98,1.52,0.77,-0.07,0.01,18.50,1.13,son,242.81,4.17,jja
39127,2.16,1.55,0.72,-0.11,0.01,18.63,1.14,son,237.67,4.16,jja
39141,2.36,1.63,0.69,-0.19,0.01,18.75,1.16,son,236.40,4.34,jja
39142,2.42,1.61,0.66,-0.11,0.02,17.00,1.15,son,228.79,3.95,jja
39143,2.29,1.62,0.71,-0.09,0.02,17.27,1.14,son,231.96,4.03,jja
39144,1.87,1.54,0.82,-0.00,0.02,17.79,1.13,son,243.38,4.19,jja
40003,2.09,1.56,0.74,-0.17,0.01,18.40,1.17,son,239.48,4.32,jja
40004,2.40,1.49,0.62,-0.20,0.01,19.96,1.17,son,239.33,4.38,jja
40005,1.95,1.58,0.81,-0.15,0.01,18.96,1.17,son,246.23,4.48,jja
40006,2.04,1.52,0.74,-0.15,0.01,18.98,1.16,son,244.63,4.42,jja
40007,2.38,1.57,0.66,-0.19,0.01,19.12,1.20,son,237.06,4.30,jja
40009,2.29,1.52,0.66,-0.19,0.01,19.60,1.18,son,240.46,4.40,jja
40010,2.10,1.59,0.76,-0.16,0.01,18.62,1.16,son,240.48,4.35,jja
40011,2.11,1.58,0.75,-0.12,0.01,18.83,1.16,son,241.92,4.23,jja
40012,2.03,1.56,0.77,-0.13,0.01,18.90,1.16,son,243.12,4.29,jja
40013,2.16,1.54,0.71,-0.15,0.01,18.83,1.17,son,240.40,4.25,jja
40016,1.92,1.68,0.87,-0.10,0.01,18.44,1.15,son,244.87,4.33,jja
40017,2.49,1.50,0.60,-0.19,0.01,20.40,1.18,son,238.71,4.32,jja
40018,2.12,1.54,0.73,-0.15,0.01,18.94,1.16,son,240.96,4.27,jja
4001,4.98,1.22,0.25,-0.36,0.06,9.69,1.18,djf,143.56,2.88,jja
40020,2.49,1.52,0.61,-0.19,0.01,19.37,1.19,son,234.87,4.25,jja
40021,2.15,1.53,0.71,-0.19,0.01,19.77,1.17,son,242.44,4.44,jja
40022,2.02,1.61,0.80,-0.11,0.01,18.44,1.15,son,243.85,4.30,jja
40033,2.39,1.62,0.68,-0.15,0.01,18.37,1.18,son,238.46,4.12,jja
4003,4.04,1.20,0.30,-0.34,0.10,11.08,1.16,djf,157.77,2.90,jja
4005,5.72,1.16,0.20,-0.39,0.08,10.08,1.18,djf,145.44,2.87,jja
4006,5.90,1.23,0.21,-0.37,0.04,9.65,1.21,djf,139.69,2.89,jja
41001,2.31,1.51,0.66,-0.17,0.01,20.08,1.18,son,242.85,4.40,jja
41003,2.30,1.50,0.65,-0.16,0.01,20.10,1.18,son,241.33,4.42,jja
41004,2.36,1.60,0.68,-0.18,0.01,19.54,1.19,son,239.37,4.36,jja
41005,2.38,1.63,0.69,-0.17,0.01,19.79,1.19,son,239.56,4.37,jja
41006,2.34,1.52,0.65,-0.18,0.01,19.44,1.19,son,239.98,4.39,jja
41009,2.57,1.63,0.63,-0.22,0.01,19.83,1.18,son,237.56,4.46,jja
41011,2.62,1.63,0.62,-0.22,0.01,20.12,1.18,son,236.75,4.44,jja
41012,2.31,1.63,0.71,-0.18,0.01,20.21,1.19,son,243.10,4.51,jja
41013,2.31,1.50,0.65,-0.16,0.01,19.87,1.19,son,241.85,4.38,jja
41014,2.26,1.61,0.71,-0.18,0.01,19.06,1.18,son,240.12,4.41,jja
41016,2.42,1.50,0.62,-0.17,0.01,19.94,1.19,son,238.98,4.29,jja
41019,2.26,1.60,0.71,-0.16,0.01,19.12,1.17,son,240.85,4.40,jja
41020,2.45,1.70,0.69,-0.18,0.01,20.12,1.19,son,241.94,4.43,jja
41022,2.46,1.64,0.67,-0.22,0.01,19.83,1.18,son,239.75,4.44,jja
41023,2.76,1.61,0.58,-0.21,0.01,20.38,1.18,son,236.94,4.38,jja
41025,2.28,1.60,0.70,-0.21,0.01,19.42,1.18,son,240.62,4.44,jja
41027,2.64,1.62,0.61,-0.21,0.01,19.35,1.17,son,235.83,4.34,jja
41028,2.41,1.62,0.67,-0.19,0.01,20.40,1.19,son,242.56,4.49,jja
41029,2.30,1.48,0.64,-0.16,0.01,19.94,1.18,son,242.56,4.43,jja
42001,2.42,1.71,0.71,-0.19,0.01,19.60,1.16,son,240.00,4.49,jja
42003,2.43,1.71,0.70,-0.23,0.01,20.04,1.17,son,239.35,4.45,jja
42004,2.28,1.68,0.74,-0.19,0.01,18.81,1.17,son,236.13,4.35,jja
42006,2.59,1.64,0.63,-0.19,0.01,19.77,1.16,son,235.96,4.38,jja
42008,2.59,1.65,0.64,-0.19,0.01,19.63,1.17,son,235.60,4.32,jja
42010,2.41,1.68,0.70,-0.19,0.01,19.67,1.17,son,236.88,4.36,jja
42011,2.43,1.70,0.70,-0.18,0.01,20.10,1.16,son,240.02,4.44,jja
42016,2.45,1.66,0.68,-0.19,0.01,19.56,1.17,son,235.65,4.33,jja
42017,2.32,1.74,0.75,-0.16,0.00,20.27,1.19,son,243.96,4.58,jja
42024,2.30,1.65,0.72,-0.18,0.01,19.04,1.17,son,235.94,4.34,jja
42026,2.21,1.71,0.77,-0.21,0.01,19.88,1.17,djf,242.31,4.44,jja
42027,2.24,1.68,0.75,-0.17,0.01,19.42,1.17,son,239.10,4.39,jja
43005,2.17,1.63,0.75,-0.13,0.01,18.29,1.15,son,234.35,4.24,jja
43006,2.51,1.62,0.65,-0.20,0.01,18.81,1.17,djf,230.46,4.25,jja
43007,2.46,1.64,0.67,-0.22,0.01,18.58,1.16,djf,229.29,4.28,jja
43008,2.45,1.60,0.66,-0.18,0.01,18.27,1.15,son,228.77,4.24,jja
43009,2.41,1.64,0.68,-0.20,0.01,18.00,1.15,son,228.19,4.25,jja
43014,2.20,1.63,0.74,-0.13,0.01,18.42,1.14,son,234.56,4.20,jja
43017,2.17,1.63,0.75,-0.11,0.01,18.10,1.12,son,234.81,4.18,jja
43018,2.47,1.64,0.66,-0.23,0.01,19.83,1.17,son,234.25,4.39,jja
43021,2.36,1.63,0.69,-0.19,0.01,18.35,1.17,son,229.75,4.29,jja
44001,2.82,1.57,0.56,-0.25,0.01,19.35,1.14,son,229.00,4.28,jja
44002,2.75,1.58,0.58,-0.27,0.01,19.96,1.17,djf,231.27,4.32,jja
44006,3.04,1.46,0.48,-0.26,0.01,19.19,1.15,son,227.44,4.25,jja
44009,2.63,1.71,0.65,-0.23,0.01,20.33,1.15,son,237.46,4.32,jja
44011,2.63,1.51,0.57,-0.20,0.01,19.75,1.13,son,231.02,4.24,jja
45001,3.60,1.48,0.41,-0.25,0.01,14.38,1.13,djf,194.00,3.73,jja
45003,2.79,1.48,0.53,-0.23,0.01,17.96,1.13,son,218.87,4.09,jja
45004,2.91,1.57,0.54,-0.24,0.01,19.23,1.16,djf,224.46,4.22,jja
45005,2.80,1.54,0.55,-0.24,0.01,18.94,1.14,son,222.65,4.16,jja
45009,3.94,1.43,0.36,-0.27,0.01,14.48,1.14,djf,192.88,3.66,jja
45012,2.53,1.57,0.62,-0.24,0.00,16.13,1.14,djf,218.81,4.16,jja
46003,5.18,1.42,0.27,-0.35,0.01,15.71,1.12,djf,187.04,3.76,jja
46005,6.00,1.30,0.22,-0.33,0.01,14.96,1.12,djf,177.77,3.58,jja
46008,4.52,1.56,0.35,-0.31,0.00,16.48,1.12,djf,198.67,3.84,jja
46014,3.52,1.48,0.42,-0.35,0.01,16.90,1.15,djf,204.33,3.98,jja
47001,3.51,1.53,0.44,-0.24,0.00,13.33,1.10,djf,190.46,3.72,jja
47004,3.94,1.49,0.38,-0.29,0.00,14.92,1.12,djf,192.33,3.78,jja
47005,3.43,1.53,0.45,-0.26,0.00,14.15,1.12,djf,194.35,3.72,jja
47008,3.34,1.53,0.46,-0.22,0.00,13.23,1.11,son,193.54,3.70,jja
47009,3.53,1.60,0.45,-0.28,0.00,15.29,1.11,djf,197.15,3.84,jja
47011,4.72,1.49,0.32,-0.25,0.00,14.98,1.11,NaN,186.77,3.66,jja
47014,4.83,1.44,0.30,-0.25,0.01,14.21,1.10,djf,181.33,3.60,jja
47018,3.46,1.51,0.44,-0.23,0.00,13.31,1.11,son,192.13,3.67,jja
48003,3.43,1.61,0.47,-0.25,0.00,15.31,1.09,son,197.12,3.66,jja
48004,4.07,1.52,0.37,-0.24,0.00,13.88,1.09,son,185.94,3.55,jja
48005,3.08,1.63,0.53,-0.29,0.00,16.27,1.12,djf,206.67,3.78,jja
48011,4.06,1.50,0.37,-0.25,0.00,14.27,1.11,son,186.67,3.62,jja
49001,3.78,1.54,0.41,-0.23,0.00,13.96,1.10,son,186.58,3.55,jja
49002,3.08,1.63,0.53,-0.25,0.00,15.69,1.12,son,207.25,3.77,jja
49004,2.99,1.66,0.55,-0.26,0.00,16.19,1.11,djf,207.00,3.73,jja
50001,3.29,1.51,0.46,-0.21,0.01,13.12,1.13,son,193.46,3.71,jja
50002,3.39,1.55,0.46,-0.23,0.00,12.75,1.11,son,191.90,3.68,jja
50006,3.76,1.47,0.39,-0.20,0.01,12.23,1.11,son,187.81,3.60,mam
50007,3.47,1.46,0.42,-0.30,0.01,15.17,1.14,djf,199.06,3.75,jja
50008,3.41,1.53,0.45,-0.24,0.00,13.42,1.11,son,194.75,3.72,jja
50011,4.21,1.41,0.34,-0.30,0.01,14.35,1.12,djf,186.71,3.62,jja
5003,6.16,1.09,0.18,-0.40,0.10,10.44,1.20,djf,138.35,2.89,jja
51001,2.68,1.52,0.57,-0.22,0.01,17.69,1.17,djf,223.50,4.16,jja
52004,2.55,1.61,0.63,-0.24,0.01,19.00,1.18,djf,230.08,4.34,jja
52005,2.76,1.50,0.54,-0.26,0.01,17.10,1.15,djf,215.98,4.07,jja
52006,2.46,1.63,0.66,-0.20,0.01,19.02,1.16,son,231.52,4.30,jja
52007,2.48,1.69,0.68,-0.21,0.00,19.87,1.17,djf,237.23,4.42,jja
52009,2.73,1.69,0.62,-0.09,0.01,16.73,1.12,son,219.02,3.91,jja
52010,2.44,1.67,0.68,-0.09,0.01,16.85,1.13,son,225.98,4.05,jja
52011,2.04,1.67,0.82,-0.07,0.01,17.92,1.14,son,236.88,4.31,jja
52015,2.56,1.78,0.69,-0.09,0.00,18.25,1.17,son,226.48,4.03,jja
52016,2.71,1.60,0.59,-0.15,0.01,17.15,1.13,djf,222.87,4.04,jja
53005,2.62,1.69,0.64,-0.18,0.01,17.37,1.13,son,224.31,4.08,jja
53006,2.27,1.72,0.76,-0.10,0.01,18.19,1.16,son,230.52,4.14,jja
53007,2.68,1.64,0.61,-0.16,0.01,16.85,1.11,son,221.37,4.03,jja
53008,2.29,1.63,0.71,-0.12,0.01,18.25,1.16,son,231.63,4.21,jja
53009,2.75,1.69,0.61,-0.19,0.01,17.33,1.12,son,223.56,4.05,jja
53013,2.14,1.64,0.77,-0.09,0.01,17.44,1.12,son,234.56,4.16,jja
53017,2.35,1.69,0.72,-0.11,0.01,17.87,1.15,son,230.54,4.12,jja
53018,2.32,1.64,0.71,-0.13,0.01,16.65,1.12,son,226.54,4.14,jja
53022,2.32,1.64,0.71,-0.13,0.01,16.58,1.12,son,226.62,4.15,jja
53023,2.37,1.62,0.68,-0.13,0.01,18.58,1.16,son,231.23,4.19,jja
53028,2.43,1.64,0.67,-0.13,0.01,17.54,1.14,son,228.35,4.11,jja
54001,2.60,1.49,0.57,-0.15,0.01,12.94,1.10,son,198.29,3.63,jja
54002,1.83,1.59,0.87,0.03,0.01,17.13,1.14,jja,239.08,4.10,jja
54003,5.57,1.26,0.23,-0.31,0.02,13.54,1.12,djf,169.10,3.32,jja
54004,1.91,1.57,0.83,0.02,0.01,18.38,1.15,son,240.54,4.03,jja
54005,3.31,1.42,0.43,-0.24,0.01,13.04,1.12,djf,188.54,3.56,jja
54007,1.98,1.61,0.82,0.01,0.01,17.52,1.12,son,237.25,3.98,jja
54008,2.42,1.44,0.60,-0.14,0.02,15.79,1.12,djf,217.12,3.86,jja
54011,1.89,1.64,0.87,-0.00,0.01,17.63,1.14,jja,241.10,4.07,jja
54012,1.95,1.57,0.81,0.01,0.01,15.52,1.11,son,226.98,3.77,jja
54015,1.84,1.70,0.93,0.01,0.01,17.98,1.13,son,242.81,4.10,jja
54016,1.95,1.61,0.82,0.00,0.01,15.44,1.11,son,227.42,3.75,jja
54017,1.95,1.67,0.85,-0.08,0.01,18.52,1.15,son,242.31,4.29,jja
54018,2.13,1.53,0.72,-0.08,0.01,15.92,1.12,son,224.63,3.89,jja
54019,1.84,1.52,0.83,0.04,0.01,18.02,1.13,jja,242.08,4.06,jja
54020,2.10,1.61,0.77,-0.06,0.01,15.67,1.12,son,224.02,3.84,jja
54022,7.08,1.16,0.16,-0.31,0.03,13.50,1.13,djf,163.85,3.26,jja
54024,1.92,1.54,0.81,-0.01,0.01,16.63,1.10,son,234.04,3.89,jja
54025,3.78,1.25,0.33,-0.31,0.02,13.75,1.14,djf,190.96,3.62,jja
54027,2.43,1.66,0.68,-0.10,0.01,17.92,1.14,son,228.50,4.03,jja
54028,3.82,1.40,0.37,-0.27,0.01,13.13,1.13,djf,183.85,3.49,jja
54029,2.35,1.46,0.62,-0.12,0.02,15.62,1.13,djf,218.73,3.86,jja
54032,2.44,1.51,0.62,-0.13,0.01,13.31,1.10,son,203.31,3.70,jja
54034,1.98,1.52,0.77,-0.06,0.02,16.85,1.13,NaN,236.83,4.03,jja
54036,2.01,1.63,0.81,-0.04,0.01,17.29,1.13,son,237.88,4.14,jja
54038,3.61,1.37,0.38,-0.25,0.02,14.52,1.13,djf,191.37,3.55,jja
54044,2.09,1.47,0.71,-0.00,0.01,15.25,1.11,son,224.48,3.71,jja
54048,1.76,1.61,0.91,0.06,0.01,17.56,1.13,jja,245.83,4.22,jja
54049,1.76,1.53,0.87,0.05,0.01,17.67,1.13,jja,244.21,4.19,jja
54052,1.98,1.58,0.80,-0.00,0.01,16.19,1.11,son,228.83,3.78,jja
54057,2.26,1.54,0.68,-0.10,0.01,13.48,1.11,son,208.81,3.77,jja
54060,1.93,1.58,0.82,0.01,0.01,16.67,1.11,jja,233.02,3.83,jja
54063,2.03,1.65,0.81,-0.02,0.01,17.19,1.14,son,234.40,3.87,jja
54080,4.72,1.24,0.26,-0.32,0.01,13.48,1.15,djf,177.69,3.47,jja
54095,2.71,1.49,0.55,-0.17,0.01,12.96,1.10,son,196.44,3.60,jja
54096,1.83,1.62,0.89,-0.01,0.01,18.19,1.15,jja,243.21,4.10,jja
55002,3.54,1.32,0.37,-0.27,0.01,12.88,1.11,djf,185.81,3.56,jja
55007,3.98,1.28,0.32,-0.28,0.02,12.40,1.11,djf,180.15,3.50,jja
55008,6.86,1.17,0.17,-0.28,0.02,12.73,1.12,djf,162.23,3.22,jja
55013,2.91,1.42,0.49,-0.23,0.02,15.90,1.13,djf,209.65,3.85,jja
55014,2.91,1.37,0.47,-0.21,0.02,15.60,1.13,djf,208.33,3.82,jja
55016,3.20,1.33,0.41,-0.23,0.02,13.38,1.13,djf,195.94,3.71,jja
55018,2.06,1.56,0.76,-0.06,0.01,18.00,1.15,son,237.08,4.11,jja
55021,2.58,1.42,0.55,-0.18,0.02,16.04,1.13,son,215.75,3.92,jja
55023,2.93,1.42,0.48,-0.22,0.01,13.98,1.12,djf,198.63,3.76,jja
55025,3.09,1.36,0.44,-0.24,0.01,16.00,1.14,djf,209.15,3.88,jja
55026,4.71,1.22,0.26,-0.30,0.02,11.96,1.11,djf,173.85,3.41,jja
55029,2.81,1.42,0.51,-0.23,0.01,17.65,1.16,djf,219.65,4.07,jja
55032,5.07,1.21,0.24,-0.30,0.02,11.90,1.11,djf,169.42,3.39,jja
56001,4.04,1.35,0.33,-0.30,0.01,15.15,1.15,djf,189.31,3.63,jja
56002,4.22,1.48,0.35,-0.28,0.01,16.88,1.15,djf,198.98,3.81,jja
56007,5.67,1.22,0.22,-0.33,0.01,14.83,1.16,djf,175.81,3.50,jja
56012,3.88,1.43,0.37,-0.23,0.02,16.69,1.14,djf,202.21,3.81,jja
56013,3.93,1.25,0.32,-0.26,0.02,14.12,1.13,djf,188.23,3.55,jja
57004,5.30,1.41,0.27,-0.32,0.01,15.52,1.16,djf,186.88,3.65,jja
57005,5.37,1.40,0.26,-0.30,0.01,15.00,1.14,djf,183.54,3.61,jja
57006,6.37,1.41,0.22,-0.29,0.01,15.29,1.15,djf,181.79,3.60,jja
57007,4.98,1.36,0.27,-0.29,0.01,14.87,1.15,djf,184.90,3.63,jja
57008,4.16,1.53,0.37,-0.27,0.01,16.04,1.14,djf,198.58,3.82,jja
57009,3.91,1.60,0.41,-0.19,0.01,15.00,1.12,son,198.29,3.71,jja
58001,5.22,1.53,0.29,-0.18,0.01,13.42,1.09,son,181.94,3.51,mam
58002,5.50,1.36,0.25,-0.26,0.01,14.37,1.14,djf,177.83,3.53,jja
58006,5.68,1.28,0.23,-0.27,0.01,14.48,1.15,djf,177.71,3.52,jja
58008,5.30,1.50,0.28,-0.21,0.01,14.44,1.11,son,181.04,3.49,jja
58009,3.86,1.60,0.41,-0.16,0.00,14.46,1.10,son,196.85,3.65,jja
58010,5.90,1.24,0.21,-0.27,0.02,14.33,1.15,djf,176.25,3.49,jja
58012,5.75,1.46,0.25,-0.19,0.01,14.37,1.10,son,179.35,3.48,jja
59001,5.45,1.47,0.27,-0.24,0.01,13.87,1.12,son,174.71,3.46,jja
60002,4.53,1.45,0.32,-0.22,0.01,13.48,1.11,djf,176.62,3.38,jja
60003,4.04,1.52,0.38,-0.22,0.00,14.79,1.08,son,191.69,3.43,jja
60005,4.35,1.25,0.29,-0.25,0.01,13.13,1.12,djf,178.96,3.46,jja
60006,4.52,1.51,0.34,-0.21,0.01,14.52,1.10,son,182.85,3.35,jja
60010,4.48,1.39,0.31,-0.25,0.01,13.00,1.12,djf,174.56,3.42,jja
60012,4.20,1.37,0.33,-0.22,0.01,12.90,1.11,djf,178.31,3.34,jja
6007,5.33,1.21,0.23,-0.36,0.04,10.25,1.20,djf,139.27,2.93,jja
6008,3.84,1.23,0.32,-0.36,0.07,12.67,1.19,djf,173.79,3.02,jja
61001,3.65,1.47,0.40,-0.21,0.00,14.62,1.09,son,197.35,3.35,jja
61002,4.18,1.47,0.35,-0.21,0.00,14.44,1.08,son,190.37,3.35,jja
62001,3.96,1.45,0.37,-0.22,0.01,12.69,1.10,djf,179.52,3.35,jja
63001,4.36,1.36,0.31,-0.20,0.01,12.06,1.09,son,175.62,3.33,jja
63004,5.84,1.23,0.21,-0.26,0.02,11.50,1.10,djf,162.67,3.27,jja
64001,5.47,1.37,0.25,-0.24,0.01,12.56,1.12,djf,167.21,3.31,mam
64002,6.20,1.42,0.23,-0.14,0.01,12.52,1.10,son,164.44,3.20,mam
64006,4.41,1.41,0.32,-0.10,0.01,12.79,1.10,son,179.94,3.24,mam
65001,8.38,1.47,0.18,-0.18,0.01,12.63,1.10,djf,152.79,3.00,mam
65004,6.25,1.53,0.24,-0.18,0.00,12.52,1.08,son,163.44,3.02,mam
65005,3.88,1.56,0.40,-0.11,0.00,13.81,1.08,son,188.56,3.14,jja
65006,6.46,1.52,0.24,-0.19,0.01,13.02,1.10,son,160.21,3.00,mam
65007,5.86,1.53,0.26,-0.14,0.00,12.44,1.08,son,167.67,3.02,mam
65008,9.76,1.36,0.14,-0.17,0.02,12.65,1.11,son,147.52,2.98,mam
66001,2.63,1.44,0.55,-0.14,0.01,13.52,1.10,son,203.23,3.45,jja
66004,2.44,1.56,0.64,-0.01,0.01,14.56,1.11,son,214.21,3.43,mam
66006,3.41,1.46,0.43,-0.20,0.01,13.13,1.11,son,187.85,3.33,jja
66011,5.93,1.41,0.24,-0.25,0.01,12.38,1.12,djf,160.13,3.16,jja
67001,5.41,1.30,0.24,-0.29,0.01,13.67,1.15,djf,168.15,3.28,jja
67005,3.57,1.36,0.38,-0.22,0.03,14.48,1.10,djf,192.56,3.50,jja
67006,3.85,1.33,0.35,-0.23,0.02,12.56,1.12,djf,179.33,3.28,jja
67008,2.58,1.50,0.58,-0.09,0.02,13.87,1.12,son,206.21,3.42,jja
67010,5.82,1.30,0.22,-0.27,0.01,13.27,1.12,NaN,166.38,3.21,jja
67015,4.04,1.35,0.33,-0.25,0.02,12.69,1.11,djf,175.94,3.30,jja
67018,5.80,1.31,0.23,-0.28,0.01,13.54,1.13,djf,166.13,3.29,jja
67025,2.39,1.55,0.65,-0.13,0.01,15.08,1.12,son,215.02,3.62,jja
67033,3.22,1.45,0.45,-0.19,0.01,11.94,1.09,djf,184.37,3.38,jja
68001,2.01,1.52,0.75,0.02,0.01,14.40,1.11,son,221.67,3.66,mam
68003,2.37,1.49,0.63,-0.02,0.01,12.94,1.10,son,209.63,3.50,mam
68004,1.99,1.44,0.72,0.03,0.01,14.25,1.10,son,223.83,3.73,mam
68005,1.98,1.56,0.78,0.01,0.01,14.90,1.10,son,224.69,3.70,mam
68020,2.03,1.62,0.80,0.02,0.01,15.15,1.10,son,223.98,3.68,mam
69002,3.58,1.42,0.40,-0.14,0.01,12.56,1.10,son,187.33,3.29,mam
69007,3.17,1.51,0.48,-0.10,0.01,12.50,1.11,son,190.75,3.31,mam
69012,2.66,1.53,0.58,-0.03,0.01,13.63,1.11,son,205.77,3.39,mam
69015,3.72,1.38,0.37,-0.14,0.02,12.83,1.13,son,186.27,3.21,mam
69017,3.28,1.50,0.46,-0.11,0.02,12.35,1.11,son,191.62,3.33,mam
69023,3.54,1.37,0.39,-0.14,0.01,12.90,1.12,son,189.50,3.31,mam
69027,3.37,1.45,0.43,-0.10,0.01,12.73,1.13,son,189.92,3.26,mam
69030,2.52,1.67,0.66,-0.01,0.00,13.98,1.10,son,207.96,3.47,mam
69032,2.45,1.74,0.71,-0.01,0.00,14.73,1.11,son,213.83,3.49,mam
69043,2.90,1.55,0.54,-0.09,0.01,13.58,1.12,son,199.75,3.44,mam
70002,2.88,1.55,0.54,-0.05,0.01,13.46,1.10,son,201.15,3.38,mam
7001,3.79,1.17,0.31,-0.22,0.15,11.90,1.17,djf,163.54,2.93,jja
7002,3.30,1.24,0.38,-0.13,0.10,11.50,1.15,djf,169.75,2.90,jja
7003,2.49,1.48,0.60,0.09,0.03,13.52,1.17,son,205.23,3.11,mam
7005,2.69,1.35,0.50,0.03,0.07,13.13,1.17,son,197.60,3.07,mam
7006,3.02,1.42,0.47,0.03,0.08,13.31,1.18,son,191.62,2.94,mam
71001,3.80,1.41,0.37,-0.16,0.01,12.12,1.12,djf,183.29,3.31,mam
71004,3.39,1.39,0.41,-0.14,0.01,12.56,1.12,son,190.35,3.33,mam
71006,3.82,1.38,0.36,-0.17,0.01,12.46,1.13,djf,184.29,3.36,mam
71008,4.54,1.41,0.31,-0.17,0.01,13.12,1.11,djf,181.62,3.23,mam
71014,3.34,1.49,0.45,-0.09,0.01,12.56,1.11,son,192.17,3.31,mam
72002,3.60,1.51,0.42,-0.07,0.01,13.08,1.11,son,191.27,3.27,mam
72004,4.35,1.35,0.31,-0.18,0.01,12.90,1.12,djf,177.58,3.28,mam
72005,4.73,1.30,0.27,-0.25,0.01,13.37,1.13,djf,179.65,3.31,mam
72007,3.97,1.50,0.38,-0.08,0.01,12.88,1.11,son,187.96,3.23,mam
72009,3.77,1.40,0.37,-0.16,0.01,13.33,1.13,djf,188.60,3.37,mam
72014,3.38,1.50,0.44,-0.04,0.01,14.58,1.12,son,199.58,3.30,mam
72015,4.65,1.29,0.28,-0.26,0.01,14.04,1.15,djf,181.54,3.32,mam
73005,5.03,1.38,0.27,-0.23,0.01,13.56,1.11,djf,180.94,3.35,mam
73009,5.93,1.32,0.22,-0.26,0.02,13.96,1.14,djf,175.37,3.26,mam
73010,6.38,1.34,0.21,-0.26,0.01,13.62,1.10,djf,171.77,3.27,mam
73011,4.63,1.36,0.29,-0.21,0.01,13.42,1.12,djf,183.35,3.33,mam
73014,8.15,1.30,0.16,-0.27,0.01,13.73,1.11,djf,163.65,3.15,mam
73015,3.37,1.56,0.46,-0.09,0.01,14.71,1.11,son,200.38,3.43,mam
74001,6.34,1.37,0.22,-0.18,0.01,12.92,1.08,son,169.00,3.11,mam
74005,4.97,1.34,0.27,-0.12,0.01,13.83,1.09,son,177.25,3.18,mam
74006,5.07,1.31,0.26,-0.09,0.01,13.33,1.08,son,177.88,3.10,mam
74007,6.60,1.33,0.20,-0.18,0.01,12.52,1.08,son,165.40,3.11,mam
75003,6.05,1.30,0.22,-0.24,0.01,13.62,1.14,djf,168.75,3.17,mam
75004,5.54,1.31,0.24,-0.19,0.01,14.19,1.12,djf,174.77,3.18,mam
75017,3.32,1.41,0.42,-0.09,0.01,14.13,1.12,son,194.75,3.29,mam
76003,5.13,1.29,0.25,-0.30,0.01,14.19,1.16,djf,177.46,3.33,mam
76005,3.33,1.33,0.40,-0.20,0.02,13.75,1.14,djf,191.12,3.42,mam
76007,3.47,1.32,0.38,-0.17,0.01,12.10,1.13,djf,182.98,3.30,mam
76008,3.09,1.28,0.41,-0.04,0.02,12.25,1.11,son,188.40,3.17,mam
76011,3.61,1.20,0.33,-0.10,0.03,13.17,1.12,djf,181.46,3.01,mam
76014,4.25,1.24,0.29,-0.25,0.03,13.67,1.15,djf,181.81,3.26,mam
77002,4.35,1.23,0.28,-0.17,0.02,12.65,1.12,djf,175.69,3.13,mam
77003,3.99,1.21,0.30,-0.17,0.03,12.21,1.11,djf,177.29,3.08,mam
77004,3.47,1.34,0.38,-0.06,0.01,13.63,1.11,son,191.58,3.26,mam
78003,3.97,1.28,0.32,-0.17,0.01,12.65,1.11,djf,180.56,3.24,mam
78004,4.17,1.26,0.30,-0.23,0.02,12.98,1.12,djf,180.33,3.25,mam
78006,4.61,1.17,0.25,-0.26,0.03,13.02,1.13,djf,173.54,3.14,mam
79002,4.43,1.22,0.27,-0.26,0.02,12.33,1.10,djf,172.87,3.23,mam
79003,4.73,1.23,0.26,-0.27,0.02,10.98,1.10,djf,164.33,3.14,mam
79004,4.49,1.18,0.26,-0.28,0.02,14.21,1.12,djf,178.83,3.30,mam
79005,4.26,1.26,0.30,-0.23,0.01,14.31,1.09,djf,183.69,3.32,mam
79006,4.61,1.21,0.26,-0.26,0.02,11.69,1.09,son,168.10,3.16,mam
80001,4.01,1.32,0.33,-0.20,0.01,14.65,1.09,son,189.44,3.33,mam
80002,5.33,1.23,0.23,-0.27,0.02,12.67,1.07,son,165.88,3.15,mam
80003,7.70,1.17,0.15,-0.19,0.03,11.98,1.08,son,154.94,2.95,mam
80004,7.27,1.20,0.17,-0.23,0.02,12.04,1.08,son,156.90,2.97,mam
80005,7.63,1.14,0.15,-0.20,0.04,11.79,1.07,son,155.19,2.95,mam
80006,7.37,1.20,0.16,-0.21,0.02,11.94,1.07,son,156.33,2.97,mam
8004,3.27,1.26,0.38,-0.07,0.15,11.85,1.18,son,172.40,2.78,jja
8005,3.88,1.18,0.30,-0.26,0.10,11.87,1.17,djf,158.31,2.92,jja
8006,3.36,1.25,0.37,-0.16,0.10,9.85,1.15,djf,157.88,2.80,jja
8009,3.09,1.25,0.40,-0.16,0.11,12.52,1.17,djf,179.58,3.00,jja
8011,2.94,1.33,0.45,-0.01,0.12,12.31,1.20,son,184.52,2.90,mam
8013,3.89,1.15,0.29,-0.22,0.16,12.71,1.17,djf,165.37,2.87,jja
81002,5.20,1.25,0.24,-0.22,0.01,11.06,1.05,son,164.71,3.01,mam
81003,4.33,1.28,0.30,-0.16,0.01,11.50,1.08,son,173.79,2.99,mam
81004,3.82,1.37,0.36,-0.19,0.00,11.96,1.06,son,183.17,3.11,mam
81006,5.80,1.19,0.21,-0.23,0.02,10.98,1.05,son,159.50,2.98,mam
81007,5.51,1.30,0.24,-0.23,0.01,12.88,1.06,son,168.48,3.10,mam
82001,3.98,1.36,0.34,-0.21,0.01,11.52,1.08,son,174.31,3.16,mam
82003,4.43,1.34,0.30,-0.22,0.01,10.75,1.06,son,168.40,3.04,mam
83003,3.85,1.28,0.33,-0.19,0.02,10.52,1.09,son,174.54,3.17,mam
83004,3.63,1.31,0.36,-0.20,0.01,11.17,1.10,son,177.96,3.23,mam
83006,3.53,1.33,0.38,-0.17,0.01,10.48,1.09,son,178.38,3.22,mam
83007,3.94,1.40,0.36,-0.16,0.01,11.42,1.07,son,178.06,3.13,mam
83009,4.57,1.43,0.31,-0.16,0.01,10.73,1.08,son,170.25,3.11,mam
83010,3.93,1.30,0.33,-0.16,0.01,11.88,1.10,son,179.06,3.18,mam
83013,3.67,1.37,0.37,-0.14,0.01,11.31,1.10,son,179.46,3.21,mam
84001,3.79,1.39,0.37,-0.17,0.01,11.81,1.09,son,179.54,3.22,mam
84004,3.75,1.23,0.33,-0.21,0.03,11.08,1.10,son,172.81,3.14,mam
84005,3.46,1.28,0.37,-0.19,0.02,10.90,1.11,djf,176.69,3.19,mam
84008,3.44,1.35,0.39,-0.22,0.01,13.67,1.12,djf,190.31,3.30,mam
84009,3.53,1.28,0.36,-0.22,0.02,12.83,1.12,djf,185.40,3.26,mam
84012,3.77,1.34,0.35,-0.23,0.01,12.73,1.09,djf,181.42,3.25,mam
84013,3.41,1.29,0.38,-0.19,0.02,10.92,1.11,djf,177.35,3.22,mam
84014,3.65,1.26,0.34,-0.20,0.02,11.79,1.12,son,180.85,3.22,mam
84016,3.33,1.43,0.43,-0.14,0.01,12.25,1.09,son,187.13,3.21,mam
84017,5.17,1.32,0.26,-0.24,0.01,10.90,1.08,son,164.92,3.09,mam
84018,3.68,1.24,0.34,-0.21,0.03,11.10,1.10,djf,174.25,3.16,mam
84019,2.86,1.43,0.50,-0.10,0.01,12.35,1.10,son,193.92,3.31,mam
84020,4.68,1.28,0.27,-0.17,0.02,12.13,1.10,son,174.96,3.19,mam
84022,3.90,1.21,0.31,-0.21,0.03,11.13,1.09,djf,173.71,3.15,mam
84026,4.28,1.36,0.32,-0.20,0.01,12.15,1.10,son,179.15,3.20,mam
84030,3.94,1.31,0.33,-0.22,0.01,12.52,1.10,son,179.54,3.22,mam
85001,6.01,1.29,0.21,-0.28,0.01,9.79,1.11,djf,153.77,3.12,mam
85002,4.39,1.32,0.30,-0.24,0.01,12.06,1.11,djf,176.44,3.24,mam
85003,8.37,1.13,0.13,-0.32,0.04,9.83,1.13,djf,141.38,3.02,mam
85004,6.63,1.27,0.19,-0.27,0.02,10.15,1.09,djf,155.38,3.10,mam
88001,4.59,1.35,0.29,-0.20,0.00,9.75,1.07,son,162.60,3.05,mam
89002,8.16,1.13,0.14,-0.33,0.03,9.40,1.13,djf,139.42,3.07,mam
89003,7.95,1.10,0.14,-0.35,0.03,10.02,1.15,djf,141.00,3.08,mam
89005,8.39,1.16,0.14,-0.33,0.03,9.33,1.11,djf,139.40,3.02,mam
89007,7.68,1.20,0.16,-0.20,0.02,8.00,1.08,son,138.54,2.98,mam
90003,8.10,1.00,0.12,-0.32,0.06,9.63,1.15,djf,139.96,3.00,mam
9002,2.65,1.39,0.53,0.01,0.06,13.10,1.22,son,196.96,3.11,mam
9003,2.55,1.43,0.56,0.06,0.05,13.48,1.21,son,203.27,3.15,mam
9004,2.82,1.34,0.48,-0.04,0.07,14.17,1.21,son,200.85,3.12,mam
9005,3.10,1.27,0.41,-0.04,0.13,13.87,1.22,son,189.75,2.97,jja
92001,7.78,1.24,0.16,-0.29,0.01,8.00,1.09,djf,134.31,3.01,mam
93001,7.09,1.16,0.16,-0.33,0.03,8.67,1.17,djf,128.77,2.84,jja
94001,6.61,1.21,0.18,-0.33,0.03,9.46,1.18,djf,129.96,2.81,jja
95001,5.96,1.22,0.20,-0.26,0.04,8.08,1.14,djf,127.62,2.69,jja
96001,3.22,1.28,0.40,-0.21,0.05,10.10,1.11,son,167.67,2.86,jja
96002,3.92,1.22,0.31,-0.28,0.06,8.48,1.11,son,149.04,2.83,jja
96004,6.28,1.17,0.19,-0.33,0.06,8.92,1.13,djf,129.33,2.65,jja
97002,3.01,1.21,0.40,-0.17,0.05,9.50,1.12,son,166.29,2.86,jja
